"Timestamp";"DateTime";"Temperature";"CO2";"Humidity";"Noise";"Pressure"
1623645341;"2021-06-14 13:35:41";31.3;327;60;49;1007.4
1623645638;"2021-06-14 13:40:38";27.3;323;67;46;1007.5
1623645889;"2021-06-14 13:44:49";29.7;318;63;46;1007.4
1623645960;"2021-06-14 13:46:00";30.5;318;61;48;1007.4
1623646123;"2021-06-14 13:48:43";32;321;57;48;1007.5
1623646426;"2021-06-14 13:53:46";27.5;291;65;48;1007.4
1623646729;"2021-06-14 13:58:49";26.3;281;67;47;1007.4
1623647031;"2021-06-14 14:03:51";25.9;296;69;47;1007.2
1623647333;"2021-06-14 14:08:53";25.7;275;70;46;1007.2
1623647636;"2021-06-14 14:13:56";25.6;265;70;47;1007.1
1623647939;"2021-06-14 14:18:59";25.5;274;71;47;1007.1
1623648241;"2021-06-14 14:24:01";25.3;261;69;47;1007.1
1623648543;"2021-06-14 14:29:03";24.9;245;69;47;1007.1
1623648846;"2021-06-14 14:34:06";24.9;259;71;48;1007.1
1623649148;"2021-06-14 14:39:08";24.9;253;72;47;1007.1
1623649451;"2021-06-14 14:44:11";25.1;260;72;46;1007
1623649752;"2021-06-14 14:49:12";25.2;254;72;45;1006.9
1623650054;"2021-06-14 14:54:14";25.3;252;72;45;1006.8
1623650357;"2021-06-14 14:59:17";25.3;260;72;46;1006.9
1623650659;"2021-06-14 15:04:19";25.3;237;71;46;1006.9
1623650961;"2021-06-14 15:09:21";25.1;237;72;46;1007
1623651265;"2021-06-14 15:14:25";25.1;226;72;46;1006.9
1623651567;"2021-06-14 15:19:27";25.2;237;72;46;1006.9
1623651870;"2021-06-14 15:24:30";25.3;402;72;46;1006.9
1623652172;"2021-06-14 15:29:32";25.3;395;72;45;1006.9
1623652474;"2021-06-14 15:34:34";25.3;376;71;45;1006.9
1623652777;"2021-06-14 15:39:37";25.1;380;71;45;1006.8
1623653079;"2021-06-14 15:44:39";25.1;359;72;45;1006.8
1623653382;"2021-06-14 15:49:42";25.2;369;72;46;1006.7
1623653684;"2021-06-14 15:54:44";25.3;369;72;45;1006.6
1623653987;"2021-06-14 15:59:47";25.3;372;71;46;1006.6
1623654290;"2021-06-14 16:04:50";25.2;369;71;47;1006.7
1623654592;"2021-06-14 16:09:52";25.2;376;72;48;1006.4
1623654894;"2021-06-14 16:14:54";25.3;395;72;48;1006.4
1623655100;"2021-06-14 16:18:20";25.4;387;72;47;1006.4
1623655403;"2021-06-14 16:23:23";25.2;395;70;47;1006.3
1623655705;"2021-06-14 16:28:25";24.9;382;70;46;1006.3
1623656007;"2021-06-14 16:33:27";24.9;401;71;46;1006.2
1623656310;"2021-06-14 16:38:30";25;379;72;46;1006.2
1623656612;"2021-06-14 16:43:32";25.2;381;73;46;1006.1
1623656915;"2021-06-14 16:48:35";25.3;383;73;45;1006.1
1623657217;"2021-06-14 16:53:37";25.4;381;72;46;1006.1
1623657520;"2021-06-14 16:58:40";25.2;369;70;46;1006.1
1623657822;"2021-06-14 17:03:42";25;351;70;46;1006.1
1623658124;"2021-06-14 17:08:44";25;350;71;46;1006.1
1623658426;"2021-06-14 17:13:46";25.1;368;72;46;1006.2
1623658729;"2021-06-14 17:18:49";25.3;361;73;45;1006.1
1623659032;"2021-06-14 17:23:52";25.4;362;73;46;1006.2
1623659333;"2021-06-14 17:28:53";25.5;369;73;47;1006.2
1623659636;"2021-06-14 17:33:56";25.3;383;71;47;1006.2
1623659938;"2021-06-14 17:38:58";25;376;70;47;1006.3
1623660240;"2021-06-14 17:44:00";24.9;387;71;47;1006.4
1623660543;"2021-06-14 17:49:03";25;380;72;46;1006.4
1623660846;"2021-06-14 17:54:06";25.1;387;73;46;1006.5
1623661149;"2021-06-14 17:59:09";25.2;401;73;47;1006.6
1623661451;"2021-06-14 18:04:11";25.3;392;73;47;1006.6
1623661753;"2021-06-14 18:09:13";25.3;397;73;48;1006.6
1623662056;"2021-06-14 18:14:16";25.2;399;71;50;1006.7
1623662358;"2021-06-14 18:19:18";24.9;382;71;46;1006.6
1623662661;"2021-06-14 18:24:21";24.8;383;72;50;1006.7
1623662963;"2021-06-14 18:29:23";24.8;383;72;49;1006.7
1623663265;"2021-06-14 18:34:25";24.9;374;73;49;1006.8
1623663568;"2021-06-14 18:39:28";25;401;73;48;1006.8
1623663870;"2021-06-14 18:44:30";25.1;409;73;47;1006.9
1623664173;"2021-06-14 18:49:33";25.2;413;73;48;1007
1623664475;"2021-06-14 18:54:35";25.2;420;72;48;1007
1623664777;"2021-06-14 18:59:37";25;397;72;47;1007.2
1623665079;"2021-06-14 19:04:39";25;390;73;47;1007.2
1623665382;"2021-06-14 19:09:42";25.1;408;73;49;1007.3
1623665684;"2021-06-14 19:14:44";25.2;420;73;51;1007.3
1623665987;"2021-06-14 19:19:47";25.3;422;73;49;1007.4
1623666290;"2021-06-14 19:24:50";25.1;416;72;45;1007.4
1623666592;"2021-06-14 19:29:52";25;382;72;45;1007.3
1623666894;"2021-06-14 19:34:54";25;367;73;45;1007.3
1623667197;"2021-06-14 19:39:57";25;385;73;45;1007.3
1623667499;"2021-06-14 19:44:59";25.1;382;73;45;1007.4
1623667802;"2021-06-14 19:50:02";25.2;375;73;46;1007.5
1623668104;"2021-06-14 19:55:04";25.3;372;73;48;1007.5
1623668406;"2021-06-14 20:00:06";25.2;375;71;46;1007.6
1623668709;"2021-06-14 20:05:09";25;349;72;45;1007.6
1623669011;"2021-06-14 20:10:11";25;357;73;45;1007.5
1623669314;"2021-06-14 20:15:14";25;360;73;45;1007.6
1623669616;"2021-06-14 20:20:16";25.1;397;73;43;1007.6
1623669919;"2021-06-14 20:25:19";25.2;386;73;42;1007.7
1623670221;"2021-06-14 20:30:21";25.2;372;72;42;1007.7
1623670524;"2021-06-14 20:35:24";25.2;356;72;42;1007.8
1623670826;"2021-06-14 20:40:26";25.2;355;72;41;1007.9
1623671128;"2021-06-14 20:45:28";25.2;338;72;40;1007.9
1623671430;"2021-06-14 20:50:30";25.2;355;72;41;1007.9
1623671733;"2021-06-14 20:55:33";25.3;346;72;41;1007.9
1623672035;"2021-06-14 21:00:35";25.2;342;72;42;1008
1623672338;"2021-06-14 21:05:38";25.2;342;72;41;1008.2
1623672640;"2021-06-14 21:10:40";25.2;338;72;42;1008.2
1623672942;"2021-06-14 21:15:42";25.2;341;72;41;1008.3
1623673245;"2021-06-14 21:20:45";25.2;332;72;40;1008.2
1623673547;"2021-06-14 21:25:47";25.2;341;72;40;1008.3
1623673850;"2021-06-14 21:30:50";25.2;360;72;40;1008.3
1623674152;"2021-06-14 21:35:52";25.2;355;72;41;1008.3
1623674454;"2021-06-14 21:40:54";25.2;347;72;41;1008.3
1623674756;"2021-06-14 21:45:56";25.2;342;72;41;1008.2
1623675059;"2021-06-14 21:50:59";25.2;355;72;41;1008.2
1623675361;"2021-06-14 21:56:01";25.2;341;72;42;1008.3
1623675664;"2021-06-14 22:01:04";25.2;341;72;40;1008.3
1623675966;"2021-06-14 22:06:06";25.2;360;72;39;1008.3
1623676269;"2021-06-14 22:11:09";25.2;342;72;40;1008.2
1623676571;"2021-06-14 22:16:11";25.2;335;72;41;1008.1
1623676874;"2021-06-14 22:21:14";25.2;409;72;41;1008.1
1623677176;"2021-06-14 22:26:16";25.2;408;72;41;1008
1623677478;"2021-06-14 22:31:18";25.2;388;72;41;1007.9
1623677781;"2021-06-14 22:36:21";25.2;403;72;41;1007.9
1623678084;"2021-06-14 22:41:24";25.2;406;72;40;1007.9
1623678386;"2021-06-14 22:46:26";25.2;398;72;40;1007.9
1623678688;"2021-06-14 22:51:28";25.2;399;72;40;1007.8
1623678991;"2021-06-14 22:56:31";25.2;402;72;41;1007.8
1623679293;"2021-06-14 23:01:33";25.2;395;72;41;1007.8
1623679596;"2021-06-14 23:06:36";25.2;414;72;41;1007.7
1623679898;"2021-06-14 23:11:38";25.2;402;72;41;1007.6
1623680200;"2021-06-14 23:16:40";25.2;395;72;41;1007.7
1623680503;"2021-06-14 23:21:43";25.2;376;72;40;1007.8
1623680805;"2021-06-14 23:26:45";25.2;407;72;39;1007.8
1623681108;"2021-06-14 23:31:48";25.1;407;72;40;1007.9
1623681410;"2021-06-14 23:36:50";25.1;379;72;41;1007.8
1623681713;"2021-06-14 23:41:53";25.1;404;72;41;1007.8
1623682015;"2021-06-14 23:46:55";25.1;401;72;41;1007.8
1623682317;"2021-06-14 23:51:57";25.1;394;72;41;1007.8
1623682620;"2021-06-14 23:57:00";25.1;378;72;41;1007.7
1623682922;"2021-06-15 00:02:02";25.1;390;72;39;1007.8
1623683225;"2021-06-15 00:07:05";25.1;383;72;40;1007.8
1623683527;"2021-06-15 00:12:07";25.1;387;72;40;1007.7
1623683830;"2021-06-15 00:17:10";25.1;379;72;41;1007.7
1623684132;"2021-06-15 00:22:12";25.1;371;72;41;1007.7
1623684434;"2021-06-15 00:27:14";25.1;382;72;41;1007.6
1623684737;"2021-06-15 00:32:17";25.1;390;72;41;1007.6
1623685039;"2021-06-15 00:37:19";25.1;387;72;40;1007.6
1623685341;"2021-06-15 00:42:21";25.1;383;72;39;1007.6
1623685643;"2021-06-15 00:47:23";25.1;375;72;40;1007.6
1623685946;"2021-06-15 00:52:26";25.1;365;72;40;1007.7
1623686248;"2021-06-15 00:57:28";25.1;387;72;41;1007.6
1623686551;"2021-06-15 01:02:31";25.1;378;72;41;1007.6
1623686853;"2021-06-15 01:07:33";25.1;379;72;41;1007.6
1623687156;"2021-06-15 01:12:36";25.1;383;72;41;1007.6
1623687458;"2021-06-15 01:17:38";25.1;383;72;39;1007.6
1623687760;"2021-06-15 01:22:40";25.1;371;72;40;1007.6
1623688063;"2021-06-15 01:27:43";25.1;390;72;40;1007.6
1623688365;"2021-06-15 01:32:45";25.1;375;72;41;1007.6
1623688667;"2021-06-15 01:37:47";25.1;375;72;41;1007.6
1623688970;"2021-06-15 01:42:50";25.1;379;72;41;1007.6
1623689272;"2021-06-15 01:47:52";25.1;375;73;41;1007.6
1623689575;"2021-06-15 01:52:55";25.1;387;73;41;1007.6
1623689878;"2021-06-15 01:57:58";25.1;387;73;39;1007.5
1623690180;"2021-06-15 02:03:00";25.1;387;73;39;1007.4
1623690483;"2021-06-15 02:08:03";25.1;375;73;40;1007.3
1623690785;"2021-06-15 02:13:05";25;387;73;41;1007.3
1623691087;"2021-06-15 02:18:07";25;383;73;41;1007.3
1623691390;"2021-06-15 02:23:10";25;394;73;41;1007.2
1623691692;"2021-06-15 02:28:12";25;387;73;39;1007.1
1623691994;"2021-06-15 02:33:14";25;382;73;39;1007.1
1623692297;"2021-06-15 02:38:17";25;402;73;40;1007.1
1623692599;"2021-06-15 02:43:19";25;394;73;40;1007.1
1623692901;"2021-06-15 02:48:21";25;382;73;41;1007.1
1623693204;"2021-06-15 02:53:24";25;390;73;41;1007.1
1623693506;"2021-06-15 02:58:26";25;387;73;41;1007.1
1623693809;"2021-06-15 03:03:29";25;404;73;41;1007.1
1623694111;"2021-06-15 03:08:31";25;401;73;41;1007
1623694414;"2021-06-15 03:13:34";25;387;73;41;1007
1623694716;"2021-06-15 03:18:36";25;401;73;41;1006.9
1623695018;"2021-06-15 03:23:38";25;394;73;42;1006.9
1623695321;"2021-06-15 03:28:41";25;386;73;42;1006.9
1623695623;"2021-06-15 03:33:43";25;409;73;42;1006.9
1623695925;"2021-06-15 03:38:45";25;382;73;40;1007
1623696228;"2021-06-15 03:43:48";25;397;73;39;1007
1623696530;"2021-06-15 03:48:50";25;382;73;40;1007
1623696832;"2021-06-15 03:53:52";25;386;73;41;1007
1623697135;"2021-06-15 03:58:55";24.9;379;73;41;1007
1623697437;"2021-06-15 04:03:57";24.9;379;73;41;1007
1623697740;"2021-06-15 04:09:00";24.9;394;73;41;1006.9
1623698042;"2021-06-15 04:14:02";24.9;387;73;41;1006.9
1623698344;"2021-06-15 04:19:04";24.9;387;73;40;1007
1623698646;"2021-06-15 04:24:06";24.9;386;73;39;1007
1623698949;"2021-06-15 04:29:09";24.9;387;73;40;1007.1
1623699251;"2021-06-15 04:34:11";24.9;383;73;40;1007.1
1623699553;"2021-06-15 04:39:13";24.9;386;73;41;1007.1
1623699856;"2021-06-15 04:44:16";24.9;387;73;41;1007.1
1623700159;"2021-06-15 04:49:19";24.9;379;73;41;1007.1
1623700461;"2021-06-15 04:54:21";24.9;394;73;41;1007
1623700763;"2021-06-15 04:59:23";24.9;416;73;41;1007.1
1623701066;"2021-06-15 05:04:26";24.9;405;73;39;1007.1
1623701368;"2021-06-15 05:09:28";24.8;398;73;40;1007.2
1623701671;"2021-06-15 05:14:31";24.8;394;73;40;1007.2
1623701973;"2021-06-15 05:19:33";24.8;387;73;41;1007.2
1623702275;"2021-06-15 05:24:35";24.8;398;73;41;1007.2
1623702578;"2021-06-15 05:29:38";24.8;391;73;41;1007.2
1623702880;"2021-06-15 05:34:40";24.8;413;73;41;1007.1
1623703182;"2021-06-15 05:39:42";24.8;407;73;40;1007.2
1623703484;"2021-06-15 05:44:44";24.8;390;73;39;1007.1
1623703787;"2021-06-15 05:49:47";24.8;407;73;40;1007.1
1623704089;"2021-06-15 05:54:49";24.8;391;73;40;1007.2
1623704392;"2021-06-15 05:59:52";24.8;408;73;41;1007.2
1623704694;"2021-06-15 06:04:54";24.8;408;73;41;1007.3
1623704996;"2021-06-15 06:09:56";24.9;401;73;41;1007.3
1623705299;"2021-06-15 06:14:59";24.9;394;73;41;1007.3
1623705601;"2021-06-15 06:20:01";24.9;409;73;40;1007.3
1623705903;"2021-06-15 06:25:03";24.9;409;73;39;1007.3
1623706206;"2021-06-15 06:30:06";24.9;391;73;40;1007.4
1623706508;"2021-06-15 06:35:08";24.9;387;73;41;1007.3
1623706811;"2021-06-15 06:40:11";24.9;394;73;41;1007.2
1623707113;"2021-06-15 06:45:13";24.9;416;73;41;1007.2
1623707415;"2021-06-15 06:50:15";24.9;401;73;41;1007.2
1623707717;"2021-06-15 06:55:17";24.9;407;73;41;1007.2
1623708020;"2021-06-15 07:00:20";24.9;402;73;40;1007.2
1623708322;"2021-06-15 07:05:22";24.9;401;73;40;1007.2
1623708624;"2021-06-15 07:10:24";24.9;407;73;40;1007.2
1623708927;"2021-06-15 07:15:27";24.9;397;73;41;1007.2
1623709229;"2021-06-15 07:20:29";24.9;394;73;41;1007.2
1623709532;"2021-06-15 07:25:32";24.9;409;73;42;1007.3
1623709834;"2021-06-15 07:30:34";24.9;398;73;42;1007.4
1623710137;"2021-06-15 07:35:37";24.9;397;73;42;1007.3
1623710439;"2021-06-15 07:40:39";24.9;387;73;41;1007.3
1623710741;"2021-06-15 07:45:41";24.9;394;73;41;1007.3
1623711044;"2021-06-15 07:50:44";24.9;398;73;41;1007.3
1623711346;"2021-06-15 07:55:46";24.9;397;73;42;1007.3
1623711648;"2021-06-15 08:00:48";24.9;401;73;42;1007.2
1623711951;"2021-06-15 08:05:51";24.9;398;73;43;1007.2
1623712253;"2021-06-15 08:10:53";24.9;394;73;42;1007.2
1623712555;"2021-06-15 08:15:55";24.9;391;73;42;1007.3
1623712858;"2021-06-15 08:20:58";24.9;394;73;41;1007.3
1623713160;"2021-06-15 08:26:00";24.9;404;73;41;1007.3
1623713463;"2021-06-15 08:31:03";24.9;405;73;48;1007.3
1623713765;"2021-06-15 08:36:05";24.8;387;73;43;1007.4
1623714067;"2021-06-15 08:41:07";24.8;387;73;44;1007.4
1623714369;"2021-06-15 08:46:09";24.8;390;73;45;1007.5
1623714670;"2021-06-15 08:51:10";24.8;368;73;44;1007.4
1623714973;"2021-06-15 08:56:13";24.9;368;72;43;1007.4
1623715275;"2021-06-15 09:01:15";24.9;378;72;44;1007.4
1623715577;"2021-06-15 09:06:17";24.9;375;72;44;1007.3
1623715879;"2021-06-15 09:11:19";24.9;371;72;44;1007.4
1623716182;"2021-06-15 09:16:22";24.9;378;71;44;1007.3
1623716484;"2021-06-15 09:21:24";24.9;371;71;44;1007.4
1623716787;"2021-06-15 09:26:27";25;346;71;45;1007.3
1623717090;"2021-06-15 09:31:30";25;371;71;46;1007.4
1623717392;"2021-06-15 09:36:32";25;368;71;47;1007.4
1623717695;"2021-06-15 09:41:35";25.1;363;71;47;1007.4
1623717997;"2021-06-15 09:46:37";25.1;350;71;45;1007.5
1623718300;"2021-06-15 09:51:40";25.2;353;71;47;1007.5
1623718602;"2021-06-15 09:56:42";25.2;366;71;48;1007.5
1623718905;"2021-06-15 10:01:45";25.3;372;71;45;1007.6
1623719207;"2021-06-15 10:06:47";25.3;365;71;45;1007.6
1623719509;"2021-06-15 10:11:49";25.3;372;71;45;1007.5
1623719811;"2021-06-15 10:16:51";25.3;348;70;45;1007.5
1623720113;"2021-06-15 10:21:53";25.4;337;70;44;1007.6
1623720416;"2021-06-15 10:26:56";25.4;362;70;43;1007.6
1623720718;"2021-06-15 10:31:58";25.4;351;70;44;1007.6
1623721020;"2021-06-15 10:37:00";25.4;357;70;45;1007.6
1623721323;"2021-06-15 10:42:03";25.5;353;70;45;1007.6
1623721625;"2021-06-15 10:47:05";25.5;357;70;46;1007.6
1623721928;"2021-06-15 10:52:08";25.5;346;70;46;1007.5
1623722230;"2021-06-15 10:57:10";25.5;359;70;46;1007.5
1623722533;"2021-06-15 11:02:13";25.5;357;69;45;1007.5
1623722835;"2021-06-15 11:07:15";25.6;357;69;48;1007.5
1623723138;"2021-06-15 11:12:18";25.6;359;69;44;1007.4
1623723440;"2021-06-15 11:17:20";25.6;353;69;44;1007.4
1623723742;"2021-06-15 11:22:22";25.6;348;69;44;1007.4
1623724045;"2021-06-15 11:27:25";25.6;369;69;45;1007.3
1623724348;"2021-06-15 11:32:28";25.6;359;69;44;1007.3
1623724651;"2021-06-15 11:37:31";25.7;361;69;45;1007.2
1623724953;"2021-06-15 11:42:33";25.7;357;69;45;1007.3
1623725255;"2021-06-15 11:47:35";25.7;369;69;46;1007.3
1623725559;"2021-06-15 11:52:39";25.7;376;69;45;1007.3
1623725861;"2021-06-15 11:57:41";25.7;375;69;46;1007.3
1623726163;"2021-06-15 12:02:43";25.8;357;69;46;1007.2
1623726466;"2021-06-15 12:07:46";25.8;351;69;45;1007.1
1623726770;"2021-06-15 12:12:50";25.8;362;69;46;1007.1
1623727073;"2021-06-15 12:17:53";25.8;359;69;46;1007
1623727376;"2021-06-15 12:22:56";25.8;360;69;45;1007
1623727678;"2021-06-15 12:27:58";25.8;357;69;45;1007
1623727981;"2021-06-15 12:33:01";25.8;351;69;44;1007
1623728283;"2021-06-15 12:38:03";25.8;369;69;44;1006.9
1623728586;"2021-06-15 12:43:06";25.8;357;68;45;1007
1623728888;"2021-06-15 12:48:08";25.8;341;68;44;1007
1623729191;"2021-06-15 12:53:11";25.8;357;68;46;1006.8
1623729493;"2021-06-15 12:58:13";25.7;377;67;46;1006.7
1623729795;"2021-06-15 13:03:15";25.1;380;66;45;1006.7
1623730098;"2021-06-15 13:08:18";24.9;382;67;46;1006.6
1623730400;"2021-06-15 13:13:20";24.9;398;68;46;1006.6
1623730703;"2021-06-15 13:18:23";25;427;69;47;1006.6
1623731005;"2021-06-15 13:23:25";25;439;70;47;1006.5
1623731308;"2021-06-15 13:28:28";25.2;440;70;46;1006.5
1623731610;"2021-06-15 13:33:30";25.2;447;69;47;1006.5
1623731912;"2021-06-15 13:38:32";25;446;69;46;1006.5
1623732214;"2021-06-15 13:43:34";25;426;70;46;1006.5
1623732518;"2021-06-15 13:48:38";25.1;460;70;47;1006.5
1623732821;"2021-06-15 13:53:41";25.3;440;70;46;1006.6
1623733123;"2021-06-15 13:58:43";25.2;445;69;47;1006.5
1623733426;"2021-06-15 14:03:46";25.2;440;70;47;1006.5
1623733728;"2021-06-15 14:08:48";25.2;456;70;46;1006.4
1623734030;"2021-06-15 14:13:50";25.3;455;70;46;1006.3
1623734333;"2021-06-15 14:18:53";25.2;456;69;46;1006.4
1623734635;"2021-06-15 14:23:55";25.1;444;70;46;1006.4
1623734937;"2021-06-15 14:28:57";25.1;452;70;46;1006.4
1623735240;"2021-06-15 14:34:00";25.2;468;70;46;1006.4
1623735542;"2021-06-15 14:39:02";25.2;471;69;46;1006.4
1623735845;"2021-06-15 14:44:05";25;452;70;46;1006.4
1623736147;"2021-06-15 14:49:07";25;455;70;47;1006.3
1623736450;"2021-06-15 14:54:10";25.1;469;71;46;1006.2
1623736752;"2021-06-15 14:59:12";25.2;471;71;47;1006.1
1623737053;"2021-06-15 15:04:13";25.2;452;69;46;1006
1623737355;"2021-06-15 15:09:15";25;446;70;48;1006
1623737657;"2021-06-15 15:14:17";25;467;71;46;1005.9
1623737960;"2021-06-15 15:19:20";25.1;464;71;46;1005.9
1623738262;"2021-06-15 15:24:22";25.3;476;71;47;1005.8
1623738527;"2021-06-15 15:28:47";25.2;477;70;51;1005.9
1623738829;"2021-06-15 15:33:49";25.1;480;70;48;1006
1623739132;"2021-06-15 15:38:52";25.1;477;71;45;1005.9
1623739434;"2021-06-15 15:43:54";25.2;461;71;46;1005.9
1623739736;"2021-06-15 15:48:56";25.2;510;70;47;1005.9
1623740040;"2021-06-15 15:54:00";25;489;71;46;1005.9
1623740341;"2021-06-15 15:59:01";25;505;71;46;1005.9
1623740643;"2021-06-15 16:04:03";25.1;509;72;48;1005.9
1623740946;"2021-06-15 16:09:06";25.3;525;72;48;1005.9
1623741249;"2021-06-15 16:14:09";25.1;503;70;46;1005.9
1623741551;"2021-06-15 16:19:11";24.8;490;70;46;1005.9
1623741854;"2021-06-15 16:24:14";24.7;480;71;45;1006
1623742155;"2021-06-15 16:29:15";24.8;480;72;47;1006.1
1623742458;"2021-06-15 16:34:18";24.9;488;72;49;1006.2
1623742759;"2021-06-15 16:39:19";25;473;73;47;1006.3
1623743063;"2021-06-15 16:44:23";25.2;480;72;45;1006.3
1623743365;"2021-06-15 16:49:25";25.2;468;72;45;1006.3
1623743667;"2021-06-15 16:54:27";25;454;71;46;1006.3
1623743970;"2021-06-15 16:59:30";25;433;72;46;1006.3
1623744274;"2021-06-15 17:04:34";25;437;72;47;1006.4
1623744576;"2021-06-15 17:09:36";25.1;442;72;46;1006.4
1623744878;"2021-06-15 17:14:38";25.2;434;72;46;1006.4
1623745181;"2021-06-15 17:19:41";25.2;421;71;46;1006.5
1623745483;"2021-06-15 17:24:43";25;407;72;46;1006.5
1623745785;"2021-06-15 17:29:45";25;407;72;46;1006.5
1623746088;"2021-06-15 17:34:48";25.1;407;72;45;1006.6
1623746390;"2021-06-15 17:39:50";25.2;421;72;46;1006.6
1623746692;"2021-06-15 17:44:52";25.1;418;71;47;1006.6
1623746995;"2021-06-15 17:49:55";25;405;71;46;1006.6
1623747297;"2021-06-15 17:54:57";25;407;72;46;1006.6
1623747600;"2021-06-15 18:00:00";25.1;394;72;45;1006.7
1623747902;"2021-06-15 18:05:02";25.2;402;72;46;1006.6
1623748204;"2021-06-15 18:10:04";25.2;410;72;46;1006.6
1623748507;"2021-06-15 18:15:07";25.3;408;71;46;1006.5
1623748809;"2021-06-15 18:20:09";25.1;401;71;46;1006.5
1623749111;"2021-06-15 18:25:11";25;420;72;46;1006.6
1623749414;"2021-06-15 18:30:14";25.1;401;72;46;1006.6
1623749716;"2021-06-15 18:35:16";25.2;391;72;46;1006.4
1623750019;"2021-06-15 18:40:19";25.2;383;72;45;1006.5
1623750321;"2021-06-15 18:45:21";25.3;388;72;45;1006.5
1623750623;"2021-06-15 18:50:23";25.3;395;71;45;1006.5
1623750926;"2021-06-15 18:55:26";25.1;401;72;46;1006.4
1623751228;"2021-06-15 19:00:28";25.1;394;73;46;1006.4
1623751530;"2021-06-15 19:05:30";25.1;383;73;46;1006.4
1623751832;"2021-06-15 19:10:32";25.2;395;73;47;1006.3
1623752135;"2021-06-15 19:15:35";25.3;388;73;46;1006.3
1623752437;"2021-06-15 19:20:37";25.3;381;73;46;1006.3
1623752739;"2021-06-15 19:25:39";25.3;398;72;46;1006.2
1623753041;"2021-06-15 19:30:41";25.1;387;72;45;1006.2
1623753343;"2021-06-15 19:35:43";25.1;383;73;46;1006.2
1623753647;"2021-06-15 19:40:47";25.1;394;73;46;1006.1
1623753949;"2021-06-15 19:45:49";25.2;402;73;45;1006.1
1623754251;"2021-06-15 19:50:51";25.3;408;73;46;1006.1
1623754555;"2021-06-15 19:55:55";25.3;405;72;46;1006.2
1623754858;"2021-06-15 20:00:58";25.3;406;72;46;1006.1
1623755160;"2021-06-15 20:06:00";25.2;408;72;45;1006.1
1623755462;"2021-06-15 20:11:02";25.1;394;72;47;1006
1623755765;"2021-06-15 20:16:05";25.1;409;72;46;1006.1
1623756067;"2021-06-15 20:21:07";25.2;383;72;43;1006
1623756369;"2021-06-15 20:26:09";25.2;361;72;41;1006
1623756671;"2021-06-15 20:31:11";25.3;357;72;41;1006
1623756974;"2021-06-15 20:36:14";25.3;372;72;41;1006.1
1623757276;"2021-06-15 20:41:16";25.3;357;72;39;1006.1
1623757579;"2021-06-15 20:46:19";25.4;359;71;40;1006.1
1623757881;"2021-06-15 20:51:21";25.4;365;71;40;1006.2
1623758183;"2021-06-15 20:56:23";25.4;396;71;41;1006.3
1623758486;"2021-06-15 21:01:26";25.4;408;71;41;1006.3
1623758788;"2021-06-15 21:06:28";25.4;408;71;41;1006.4
1623759091;"2021-06-15 21:11:31";25.4;408;71;41;1006.4
1623759394;"2021-06-15 21:16:34";25.4;386;71;41;1006.4
1623759696;"2021-06-15 21:21:36";25.4;382;71;41;1006.4
1623759998;"2021-06-15 21:26:38";25.3;391;71;41;1006.4
1623760301;"2021-06-15 21:31:41";25.3;396;71;39;1006.3
1623760603;"2021-06-15 21:36:43";25.3;375;71;39;1006.3
1623760906;"2021-06-15 21:41:46";25.3;375;71;40;1006.3
1623761208;"2021-06-15 21:46:48";25.3;389;71;41;1006.3
1623761510;"2021-06-15 21:51:50";25.3;376;71;41;1006.2
1623761813;"2021-06-15 21:56:53";25.3;401;71;41;1006.2
1623762115;"2021-06-15 22:01:55";25.3;396;71;41;1006.2
1623762417;"2021-06-15 22:06:57";25.3;396;71;41;1006.1
1623762720;"2021-06-15 22:12:00";25.3;386;71;41;1006.2
1623763022;"2021-06-15 22:17:02";25.3;389;71;40;1006.1
1623763324;"2021-06-15 22:22:04";25.3;389;71;39;1006.1
1623763627;"2021-06-15 22:27:07";25.3;389;71;40;1006
1623763929;"2021-06-15 22:32:09";25.3;386;71;41;1006
1623764232;"2021-06-15 22:37:12";25.3;386;71;41;1005.9
1623764534;"2021-06-15 22:42:14";25.3;408;72;41;1006
1623764837;"2021-06-15 22:47:17";25.3;382;72;41;1005.9
1623765139;"2021-06-15 22:52:19";25.3;379;72;41;1005.9
1623765441;"2021-06-15 22:57:21";25.3;389;72;41;1005.9
1623765744;"2021-06-15 23:02:24";25.3;378;72;40;1005.8
1623766046;"2021-06-15 23:07:26";25.3;382;72;38;1005.8
1623766348;"2021-06-15 23:12:28";25.3;386;72;39;1005.7
1623766651;"2021-06-15 23:17:31";25.3;376;72;40;1005.7
1623766953;"2021-06-15 23:22:33";25.3;389;72;40;1005.7
1623767255;"2021-06-15 23:27:35";25.3;374;72;40;1005.7
1623767558;"2021-06-15 23:32:38";25.3;401;72;41;1005.6
1623767860;"2021-06-15 23:37:40";25.3;376;72;41;1005.6
1623768162;"2021-06-15 23:42:42";25.3;397;73;41;1005.5
1623768465;"2021-06-15 23:47:45";25.3;379;73;39;1005.4
1623768767;"2021-06-15 23:52:47";25.3;389;73;39;1005.4
1623769070;"2021-06-15 23:57:50";25.3;391;73;39;1005.4
1623769372;"2021-06-16 00:02:52";25.3;382;73;40;1005.4
1623769675;"2021-06-16 00:07:55";25.2;376;73;40;1005.3
1623769977;"2021-06-16 00:12:57";25.2;376;73;40;1005.3
1623770279;"2021-06-16 00:17:59";25.2;389;73;41;1005.3
1623770582;"2021-06-16 00:23:02";25.2;401;73;41;1005.2
1623770884;"2021-06-16 00:28:04";25.2;396;73;41;1005.1
1623771186;"2021-06-16 00:33:06";25.2;397;73;39;1005.1
1623771489;"2021-06-16 00:38:09";25.2;389;73;39;1005
1623771791;"2021-06-16 00:43:11";25.2;367;73;39;1005.1
1623772094;"2021-06-16 00:48:14";25.2;380;73;40;1005
1623772396;"2021-06-16 00:53:16";25.2;389;73;40;1005
1623772698;"2021-06-16 00:58:18";25.2;385;73;40;1005.1
1623773001;"2021-06-16 01:03:21";25.2;389;73;40;1005
1623773303;"2021-06-16 01:08:23";25.2;382;73;40;1004.9
1623773606;"2021-06-16 01:13:26";25.2;380;73;40;1004.8
1623773908;"2021-06-16 01:18:28";25.2;374;73;39;1004.8
1623774211;"2021-06-16 01:23:31";25.2;382;73;38;1004.9
1623774513;"2021-06-16 01:28:33";25.2;382;73;39;1004.8
1623774816;"2021-06-16 01:33:36";25.1;397;73;40;1004.7
1623775118;"2021-06-16 01:38:38";25.1;382;73;40;1004.8
1623775421;"2021-06-16 01:43:41";25.1;389;73;40;1004.8
1623775723;"2021-06-16 01:48:43";25.1;380;73;40;1004.7
1623776025;"2021-06-16 01:53:45";25.1;378;74;40;1004.6
1623776328;"2021-06-16 01:58:48";25.1;382;74;40;1004.6
1623776630;"2021-06-16 02:03:50";25.1;396;74;38;1004.6
1623776932;"2021-06-16 02:08:52";25.1;389;74;38;1004.6
1623777235;"2021-06-16 02:13:55";25.1;382;74;39;1004.6
1623777537;"2021-06-16 02:18:57";25;395;74;40;1004.5
1623777839;"2021-06-16 02:23:59";25;386;74;40;1004.4
1623778142;"2021-06-16 02:29:02";25;393;74;41;1004.3
1623778444;"2021-06-16 02:34:04";25;393;74;41;1004.2
1623778747;"2021-06-16 02:39:07";25;386;74;41;1004.2
1623779049;"2021-06-16 02:44:09";25;370;74;39;1004.2
1623779352;"2021-06-16 02:49:12";25;382;74;39;1004.1
1623779654;"2021-06-16 02:54:14";25;389;74;39;1004
1623779957;"2021-06-16 02:59:17";25;382;74;40;1003.9
1623780259;"2021-06-16 03:04:19";25;382;74;40;1004
1623780562;"2021-06-16 03:09:22";25;376;74;40;1004
1623780864;"2021-06-16 03:14:24";24.9;363;74;41;1004
1623781166;"2021-06-16 03:19:26";25;374;74;41;1003.9
1623781469;"2021-06-16 03:24:29";24.9;376;74;41;1003.8
1623781771;"2021-06-16 03:29:31";24.9;389;74;39;1003.7
1623782073;"2021-06-16 03:34:33";24.9;374;74;39;1003.7
1623782376;"2021-06-16 03:39:36";24.9;397;74;39;1003.6
1623782678;"2021-06-16 03:44:38";24.9;389;74;40;1003.7
1623782981;"2021-06-16 03:49:41";24.9;397;74;40;1003.6
1623783283;"2021-06-16 03:54:43";24.9;376;74;40;1003.5
1623783586;"2021-06-16 03:59:46";24.9;375;74;40;1003.4
1623783888;"2021-06-16 04:04:48";24.9;394;74;40;1003.4
1623784190;"2021-06-16 04:09:50";24.9;367;74;40;1003.4
1623784492;"2021-06-16 04:14:52";24.9;389;74;38;1003.6
1623784795;"2021-06-16 04:19:55";24.9;382;74;38;1003.6
1623785097;"2021-06-16 04:24:57";24.9;396;74;39;1003.6
1623785399;"2021-06-16 04:29:59";24.9;382;74;40;1003.5
1623785702;"2021-06-16 04:35:02";24.9;389;74;40;1003.4
1623786004;"2021-06-16 04:40:04";24.9;402;74;40;1003.4
1623786307;"2021-06-16 04:45:07";24.9;385;74;40;1003.4
1623786609;"2021-06-16 04:50:09";24.9;376;74;40;1003.3
1623786911;"2021-06-16 04:55:11";24.9;382;75;41;1003.4
1623787213;"2021-06-16 05:00:13";24.9;374;75;41;1003.6
1623787516;"2021-06-16 05:05:16";24.9;389;75;40;1003.7
1623787818;"2021-06-16 05:10:18";24.9;393;75;41;1003.7
1623788121;"2021-06-16 05:15:21";24.9;376;75;41;1003.7
1623788423;"2021-06-16 05:20:23";24.9;385;75;41;1003.7
1623788725;"2021-06-16 05:25:25";24.9;374;75;40;1003.6
1623789028;"2021-06-16 05:30:28";24.9;402;75;39;1003.5
1623789330;"2021-06-16 05:35:30";24.9;393;75;40;1003.5
1623789632;"2021-06-16 05:40:32";24.8;380;75;41;1003.5
1623789935;"2021-06-16 05:45:35";24.8;393;75;41;1003.6
1623790237;"2021-06-16 05:50:37";24.8;389;75;41;1003.8
1623790540;"2021-06-16 05:55:40";24.8;396;75;41;1004.1
1623790842;"2021-06-16 06:00:42";24.8;386;75;41;1004.2
1623791145;"2021-06-16 06:05:45";24.8;378;75;41;1004.1
1623791447;"2021-06-16 06:10:47";24.8;402;75;40;1003.9
1623791750;"2021-06-16 06:15:50";24.8;374;75;39;1003.9
1623792052;"2021-06-16 06:20:52";24.8;389;75;39;1003.9
1623792355;"2021-06-16 06:25:55";24.7;389;75;40;1004
1623792657;"2021-06-16 06:30:57";24.7;400;75;40;1004
1623792959;"2021-06-16 06:35:59";24.7;393;75;41;1003.9
1623793262;"2021-06-16 06:41:02";24.7;401;75;41;1004
1623793564;"2021-06-16 06:46:04";24.7;389;75;41;1004.1
1623793866;"2021-06-16 06:51:06";24.7;396;75;41;1004.5
1623794169;"2021-06-16 06:56:09";24.7;396;75;40;1004.9
1623794471;"2021-06-16 07:01:11";24.7;403;75;39;1005.2
1623794774;"2021-06-16 07:06:14";24.7;392;75;41;1005.3
1623795076;"2021-06-16 07:11:16";24.6;396;75;41;1004.9
1623795379;"2021-06-16 07:16:19";24.6;388;75;41;1004.7
1623795681;"2021-06-16 07:21:21";24.6;388;75;42;1004.8
1623795983;"2021-06-16 07:26:23";24.6;395;75;42;1004.8
1623796286;"2021-06-16 07:31:26";24.6;399;75;41;1005
1623796588;"2021-06-16 07:36:28";24.6;395;75;42;1005.3
1623796890;"2021-06-16 07:41:30";24.5;400;75;40;1005.3
1623797193;"2021-06-16 07:46:33";24.5;400;75;40;1005.3
1623797495;"2021-06-16 07:51:35";24.5;392;75;40;1005.4
1623797797;"2021-06-16 07:56:37";24.5;388;75;41;1005.3
1623798100;"2021-06-16 08:01:40";24.5;392;75;41;1005.1
1623798402;"2021-06-16 08:06:42";24.5;396;75;42;1005
1623798705;"2021-06-16 08:11:45";24.5;415;75;42;1004.7
1623799007;"2021-06-16 08:16:47";24.5;402;75;42;1004.5
1623799309;"2021-06-16 08:21:49";24.5;396;75;41;1004.9
1623799612;"2021-06-16 08:26:52";24.5;411;75;42;1005.2
1623799914;"2021-06-16 08:31:54";24.5;403;75;41;1005
1623800216;"2021-06-16 08:36:56";24.5;404;75;40;1005
1623800519;"2021-06-16 08:41:59";24.5;399;75;41;1005
1623800821;"2021-06-16 08:47:01";24.5;410;75;41;1005
1623801124;"2021-06-16 08:52:04";24.5;395;75;43;1005
1623801426;"2021-06-16 08:57:06";24.5;410;75;45;1005
1623801729;"2021-06-16 09:02:09";24.5;400;75;46;1005
1623802031;"2021-06-16 09:07:11";24.1;394;76;47;1005.1
1623802333;"2021-06-16 09:12:13";23.9;387;76;46;1005.3
1623802636;"2021-06-16 09:17:16";23.7;387;76;46;1005.3
1623802938;"2021-06-16 09:22:18";23.5;353;77;45;1005.3
1623803241;"2021-06-16 09:27:21";23.4;398;77;46;1005.3
1623803544;"2021-06-16 09:32:24";23.5;394;77;46;1005.2
1623803846;"2021-06-16 09:37:26";23.8;413;77;48;1005.3
1623804150;"2021-06-16 09:42:30";24.1;439;77;47;1005.3
1623804452;"2021-06-16 09:47:32";24.3;480;77;46;1005.2
1623804754;"2021-06-16 09:52:34";24.5;469;76;46;1004.8
1623805057;"2021-06-16 09:57:37";24.5;454;76;47;1004.5
1623805360;"2021-06-16 10:02:40";24.2;414;76;45;1004.3
1623805663;"2021-06-16 10:07:43";24;407;76;46;1004.6
1623805965;"2021-06-16 10:12:45";23.8;372;77;48;1004.9
1623806267;"2021-06-16 10:17:47";23.8;411;77;48;1004.3
1623806570;"2021-06-16 10:22:50";24;430;77;46;1004
1623806872;"2021-06-16 10:27:52";24.3;460;77;45;1004.1
1623807176;"2021-06-16 10:32:56";24.5;473;76;45;1004.6
1623807478;"2021-06-16 10:37:58";24.6;479;76;45;1004.9
1623807780;"2021-06-16 10:43:00";24.7;478;76;46;1005
1623808082;"2021-06-16 10:48:02";24.8;478;76;44;1005
1623808385;"2021-06-16 10:53:05";24.9;487;75;45;1005.1
1623808689;"2021-06-16 10:58:09";24.9;487;75;48;1005
1623808991;"2021-06-16 11:03:11";24.9;473;75;45;1004.9
1623809294;"2021-06-16 11:08:14";25;466;75;45;1004.5
1623809596;"2021-06-16 11:13:16";25;470;75;45;1004.6
1623809898;"2021-06-16 11:18:18";25;454;75;45;1004.6
1623810201;"2021-06-16 11:23:21";25;458;75;45;1004.5
1623810503;"2021-06-16 11:28:23";25;467;74;45;1004.5
1623810806;"2021-06-16 11:33:26";25;463;74;45;1004.8
1623811108;"2021-06-16 11:38:28";25.1;453;74;44;1004.8
1623811410;"2021-06-16 11:43:30";25.1;492;74;44;1004.6
1623811713;"2021-06-16 11:48:33";25.1;474;74;45;1004.3
1623812015;"2021-06-16 11:53:35";25.1;479;74;45;1004.4
1623812317;"2021-06-16 11:58:37";25.2;467;74;46;1004.4
1623812620;"2021-06-16 12:03:40";25.2;489;74;46;1004.2
1623812922;"2021-06-16 12:08:42";25.3;489;74;45;1004.1
1623813225;"2021-06-16 12:13:45";25.3;489;74;45;1004.1
1623813527;"2021-06-16 12:18:47";25.3;475;74;45;1004.2
1623813831;"2021-06-16 12:23:51";25.3;483;74;44;1004.2
1623814134;"2021-06-16 12:28:54";25.3;452;74;44;1004.2
1623814436;"2021-06-16 12:33:56";25.3;447;74;45;1004.1
1623814738;"2021-06-16 12:38:58";25.3;439;74;45;1004.1
1623815041;"2021-06-16 12:44:01";25.2;428;73;45;1004.2
1623815343;"2021-06-16 12:49:03";25.3;421;73;45;1004.1
1623815645;"2021-06-16 12:54:05";25.2;402;73;44;1004.1
1623815948;"2021-06-16 12:59:08";25.2;392;73;46;1004.3
1623816249;"2021-06-16 13:04:09";25.1;390;72;46;1004.3
1623816552;"2021-06-16 13:09:12";25;382;72;46;1004.3
1623816854;"2021-06-16 13:14:14";25;378;72;46;1004.2
1623817156;"2021-06-16 13:19:16";25;370;72;46;1004.2
1623817459;"2021-06-16 13:24:19";24.9;376;72;46;1004.2
1623817761;"2021-06-16 13:29:21";24.9;367;72;45;1004.1
1623818064;"2021-06-16 13:34:24";24.9;382;71;45;1004.1
1623818366;"2021-06-16 13:39:26";24.9;376;71;45;1003.9
1623818669;"2021-06-16 13:44:29";24.9;378;71;46;1004
1623818973;"2021-06-16 13:49:33";24.9;360;71;46;1003.9
1623819275;"2021-06-16 13:54:35";24.9;397;71;45;1003.8
1623819577;"2021-06-16 13:59:37";24.9;391;71;45;1003.9
1623819879;"2021-06-16 14:04:39";24.9;369;71;48;1003.9
1623820182;"2021-06-16 14:09:42";24.9;382;71;48;1003.8
1623820484;"2021-06-16 14:14:44";25;376;71;46;1003.9
1623820786;"2021-06-16 14:19:46";25;368;71;46;1003.9
1623821088;"2021-06-16 14:24:48";25.1;405;71;46;1003.9
1623821391;"2021-06-16 14:29:51";25.1;390;71;47;1003.9
1623821693;"2021-06-16 14:34:53";25.1;394;71;46;1003.8
1623821995;"2021-06-16 14:39:55";25.1;390;71;48;1003.7
1623822297;"2021-06-16 14:44:57";25.1;380;70;46;1003.8
1623822600;"2021-06-16 14:50:00";25.1;390;70;46;1003.8
1623822902;"2021-06-16 14:55:02";25.1;390;70;46;1003.8
1623823205;"2021-06-16 15:00:05";25.2;402;70;49;1003.8
1623823507;"2021-06-16 15:05:07";25.2;397;70;48;1003.8
1623823809;"2021-06-16 15:10:09";25.3;409;70;49;1003.9
1623824112;"2021-06-16 15:15:12";25.3;443;70;47;1003.9
1623824413;"2021-06-16 15:20:13";25.4;413;70;49;1003.8
1623824716;"2021-06-16 15:25:16";25.4;436;69;49;1003.9
1623825018;"2021-06-16 15:30:18";25.5;432;69;49;1003.9
1623825321;"2021-06-16 15:35:21";25.5;435;69;50;1004
1623825623;"2021-06-16 15:40:23";25.5;443;69;49;1004
1623825926;"2021-06-16 15:45:26";25.5;432;69;48;1003.9
1623826227;"2021-06-16 15:50:27";25.5;440;69;46;1004
1623826530;"2021-06-16 15:55:30";25.5;447;69;46;1004.1
1623826833;"2021-06-16 16:00:33";25.5;455;69;47;1004.1
1623826858;"2021-06-16 16:00:58";25.5;440;69;45;1004.1
1623827162;"2021-06-16 16:06:02";25.5;440;69;45;1004
1623827465;"2021-06-16 16:11:05";25.5;447;69;44;1004
1623827469;"2021-06-16 16:11:09";25.5;447;69;44;1004
1623827772;"2021-06-16 16:16:12";25.6;446;69;45;1003.9
1623828074;"2021-06-16 16:21:14";25.6;447;69;45;1003.9
1623828377;"2021-06-16 16:26:17";25.6;436;69;45;1004
1623828680;"2021-06-16 16:31:20";25.6;443;69;45;1003.9
1623829588;"2021-06-16 16:46:28";25.6;428;69;47;1003.9
1623829890;"2021-06-16 16:51:30";25.6;443;69;44;1004
1623830193;"2021-06-16 16:56:33";25.6;428;69;45;1004
1623830496;"2021-06-16 17:01:36";25.5;428;69;46;1004
1623830798;"2021-06-16 17:06:38";25.5;416;69;44;1003.9
1623831101;"2021-06-16 17:11:41";25.5;435;69;47;1004
1623831403;"2021-06-16 17:16:43";25.5;450;68;51;1004
1623831706;"2021-06-16 17:21:46";25.6;440;68;50;1004
1623832008;"2021-06-16 17:26:48";25.6;471;68;46;1004
1623832311;"2021-06-16 17:31:51";25.6;462;68;46;1004.1
1623832612;"2021-06-16 17:36:52";25.6;468;68;46;1004.1
1623832913;"2021-06-16 17:41:53";25.6;471;68;48;1004
1623833215;"2021-06-16 17:46:55";25.6;462;68;47;1004
1623833517;"2021-06-16 17:51:57";25.6;447;68;47;1003.9
1623833820;"2021-06-16 17:57:00";25.6;455;68;49;1003.9
1623834129;"2021-06-16 18:02:09";25.6;447;68;46;1004
1623834431;"2021-06-16 18:07:11";25.6;459;68;45;1004.1
1623834733;"2021-06-16 18:12:13";25.6;455;68;47;1004.2
1623835036;"2021-06-16 18:17:16";25.6;440;68;44;1004.2
1623835338;"2021-06-16 18:22:18";25.6;435;68;44;1004.2
1623835640;"2021-06-16 18:27:20";25.6;416;68;44;1004.2
1623835943;"2021-06-16 18:32:23";25.6;428;68;44;1004.2
1623836246;"2021-06-16 18:37:26";25.6;416;68;44;1004.3
1623836549;"2021-06-16 18:42:29";25.6;409;68;45;1004.3
1623836850;"2021-06-16 18:47:30";25.6;413;68;44;1004.4
1623837152;"2021-06-16 18:52:32";25.6;415;68;43;1004.6
1623837455;"2021-06-16 18:57:35";25.5;408;68;44;1004.6
1623837757;"2021-06-16 19:02:37";25.5;405;68;44;1004.6
1623838060;"2021-06-16 19:07:40";25.5;420;68;44;1004.6
1623838362;"2021-06-16 19:12:42";25.5;408;68;43;1004.7
1623838665;"2021-06-16 19:17:45";25.5;427;68;44;1004.6
1623838968;"2021-06-16 19:22:48";25.5;427;68;44;1004.7
1623839270;"2021-06-16 19:27:50";25.5;412;67;44;1004.9
1623839573;"2021-06-16 19:32:53";25.5;415;67;44;1005
1623839875;"2021-06-16 19:37:55";25.5;441;67;44;1005
1623840177;"2021-06-16 19:42:57";25.5;430;67;44;1005
1623840480;"2021-06-16 19:48:00";25.5;409;67;44;1005
1623840782;"2021-06-16 19:53:02";25.5;427;67;44;1005
1623841085;"2021-06-16 19:58:05";25.5;405;67;44;1005
1623841389;"2021-06-16 20:03:09";25.5;434;67;44;1005
1623841692;"2021-06-16 20:08:12";25.5;427;67;44;1005.1
1623841994;"2021-06-16 20:13:14";25.5;427;67;44;1005.2
1623842298;"2021-06-16 20:18:18";25.5;434;67;45;1005.1
1623842600;"2021-06-16 20:23:20";25.5;442;67;44;1005.2
1623842903;"2021-06-16 20:28:23";25.5;442;67;44;1005.3
1623843205;"2021-06-16 20:33:25";25.5;427;67;43;1005.4
1623843507;"2021-06-16 20:38:27";25.5;415;67;42;1005.5
1623843810;"2021-06-16 20:43:30";25.4;401;67;40;1005.6
1623844112;"2021-06-16 20:48:32";25.4;401;67;40;1005.7
1623844414;"2021-06-16 20:53:34";25.3;396;67;39;1005.8
1623844717;"2021-06-16 20:58:37";25.3;382;67;39;1005.8
1623845019;"2021-06-16 21:03:39";25.3;376;67;39;1005.8
1623845322;"2021-06-16 21:08:42";25.2;389;67;39;1005.8
1623845624;"2021-06-16 21:13:44";25.2;374;67;38;1005.9
1623845927;"2021-06-16 21:18:47";25.2;389;67;39;1005.8
1623846229;"2021-06-16 21:23:49";25.2;361;67;39;1005.8
1623846532;"2021-06-16 21:28:52";25.2;363;67;39;1005.9
1623846834;"2021-06-16 21:33:54";25.1;376;67;39;1006
1623847137;"2021-06-16 21:38:57";25.1;376;67;39;1006.1
1623847439;"2021-06-16 21:43:59";25.1;382;67;39;1006.2
1623847742;"2021-06-16 21:49:02";25.1;369;67;39;1006.3
1623848044;"2021-06-16 21:54:04";25;369;67;39;1006.3
1623848347;"2021-06-16 21:59:07";25;377;67;39;1006.4
1623848650;"2021-06-16 22:04:10";25;369;67;39;1006.4
1623848952;"2021-06-16 22:09:12";25;369;67;39;1006.5
1623849255;"2021-06-16 22:14:15";25;363;67;39;1006.6
1623849557;"2021-06-16 22:19:17";25;377;67;39;1006.5
1623849859;"2021-06-16 22:24:19";25;369;67;39;1006.4
1623850162;"2021-06-16 22:29:22";25;375;67;39;1006.3
1623850464;"2021-06-16 22:34:24";25;363;67;40;1006.4
1623850767;"2021-06-16 22:39:27";25;367;67;40;1006.4
1623851070;"2021-06-16 22:44:30";25;375;67;40;1006.4
1623851373;"2021-06-16 22:49:33";24.9;381;67;40;1006.5
1623851675;"2021-06-16 22:54:35";24.9;362;67;40;1006.5
1623851978;"2021-06-16 22:59:38";24.9;348;67;39;1006.5
1623852280;"2021-06-16 23:04:40";24.9;375;67;38;1006.5
1623852583;"2021-06-16 23:09:43";24.9;381;67;38;1006.4
1623852885;"2021-06-16 23:14:45";24.9;368;67;39;1006.4
1623853188;"2021-06-16 23:19:48";24.9;366;67;39;1006.4
1623853490;"2021-06-16 23:24:50";24.9;358;67;39;1006.3
1623853793;"2021-06-16 23:29:53";24.9;368;67;39;1006.3
1623854095;"2021-06-16 23:34:55";24.9;364;67;39;1006.3
1623854398;"2021-06-16 23:39:58";24.9;377;67;39;1006.3
1623854700;"2021-06-16 23:45:00";24.9;366;67;39;1006.2
1623855003;"2021-06-16 23:50:03";24.9;368;67;38;1006.2
1623855305;"2021-06-16 23:55:05";24.9;370;67;38;1006.2
1623855608;"2021-06-17 00:00:08";24.8;362;67;39;1006.1
1623855910;"2021-06-17 00:05:10";24.8;362;67;39;1006.1
1623856213;"2021-06-17 00:10:13";24.8;368;66;39;1006.1
1623856515;"2021-06-17 00:15:15";24.8;358;66;39;1006.2
1623856818;"2021-06-17 00:20:18";24.8;375;66;39;1006.2
1623857120;"2021-06-17 00:25:20";24.8;371;66;39;1006.2
1623857423;"2021-06-17 00:30:23";24.8;368;66;39;1006.1
1623857725;"2021-06-17 00:35:25";24.8;373;66;38;1006.1
1623858027;"2021-06-17 00:40:27";24.8;362;66;38;1006
1623858330;"2021-06-17 00:45:30";24.8;375;66;39;1006
1623858632;"2021-06-17 00:50:32";24.8;362;66;39;1006
1623858935;"2021-06-17 00:55:35";24.7;354;66;39;1006
1623859237;"2021-06-17 01:00:37";24.7;362;66;39;1006
1623859540;"2021-06-17 01:05:40";24.7;362;66;39;1005.9
1623859842;"2021-06-17 01:10:42";24.7;359;66;39;1005.9
1623860145;"2021-06-17 01:15:45";24.7;357;66;39;1005.9
1623860447;"2021-06-17 01:20:47";24.7;364;66;38;1006
1623860750;"2021-06-17 01:25:50";24.7;371;66;39;1005.9
1623861052;"2021-06-17 01:30:52";24.7;381;66;39;1006
1623861355;"2021-06-17 01:35:55";24.7;358;66;39;1006
1623861657;"2021-06-17 01:40:57";24.7;362;66;39;1006.1
1623861960;"2021-06-17 01:46:00";24.7;362;66;39;1006.2
1623862262;"2021-06-17 01:51:02";24.7;362;66;39;1006.2
1623862564;"2021-06-17 01:56:04";24.7;364;66;39;1006.2
1623862867;"2021-06-17 02:01:07";24.7;374;66;39;1006.2
1623863169;"2021-06-17 02:06:09";24.7;360;67;39;1006.2
1623863472;"2021-06-17 02:11:12";24.6;373;67;39;1006.1
1623863774;"2021-06-17 02:16:14";24.6;368;67;39;1006.2
1623864077;"2021-06-17 02:21:17";24.6;362;67;39;1006.2
1623864379;"2021-06-17 02:26:19";24.6;375;67;39;1006.2
1623864682;"2021-06-17 02:31:22";24.6;362;67;39;1006.2
1623864985;"2021-06-17 02:36:25";24.6;381;67;39;1006.1
1623865287;"2021-06-17 02:41:27";24.6;377;67;39;1006.2
1623865589;"2021-06-17 02:46:29";24.5;375;67;38;1006.3
1623865892;"2021-06-17 02:51:32";24.5;348;67;38;1006.4
1623866194;"2021-06-17 02:56:34";24.5;366;67;38;1006.3
1623866497;"2021-06-17 03:01:37";24.5;362;67;39;1006.3
1623866800;"2021-06-17 03:06:40";24.5;348;67;39;1006.3
1623867102;"2021-06-17 03:11:42";24.5;371;67;39;1006.3
1623867405;"2021-06-17 03:16:45";24.5;366;67;39;1006.3
1623867707;"2021-06-17 03:21:47";24.5;377;67;39;1006.2
1623868010;"2021-06-17 03:26:50";24.5;368;67;39;1006.2
1623868312;"2021-06-17 03:31:52";24.5;374;67;38;1006.3
1623868614;"2021-06-17 03:36:54";24.5;381;67;38;1006.3
1623868917;"2021-06-17 03:41:57";24.5;366;67;39;1006.2
1623869219;"2021-06-17 03:46:59";24.5;362;67;39;1006.2
1623869522;"2021-06-17 03:52:02";24.5;381;67;39;1006.2
1623869824;"2021-06-17 03:57:04";24.5;377;67;39;1006.2
1623870127;"2021-06-17 04:02:07";24.5;371;67;39;1006.1
1623870429;"2021-06-17 04:07:09";24.5;377;67;39;1006.2
1623870731;"2021-06-17 04:12:11";24.5;375;67;38;1006.2
1623871034;"2021-06-17 04:17:14";24.5;375;67;38;1006.3
1623871337;"2021-06-17 04:22:17";24.5;371;67;38;1006.4
1623871639;"2021-06-17 04:27:19";24.5;373;67;38;1006.4
1623871942;"2021-06-17 04:32:22";24.5;368;67;39;1006.5
1623872244;"2021-06-17 04:37:24";24.5;379;67;39;1006.5
1623872546;"2021-06-17 04:42:26";24.5;368;67;39;1006.7
1623872849;"2021-06-17 04:47:29";24.5;373;67;39;1006.8
1623873151;"2021-06-17 04:52:31";24.5;368;67;39;1006.7
1623873454;"2021-06-17 04:57:34";24.4;375;67;38;1006.7
1623873756;"2021-06-17 05:02:36";24.4;375;67;38;1006.7
1623874059;"2021-06-17 05:07:39";24.4;377;67;39;1006.8
1623874362;"2021-06-17 05:12:42";24.4;381;67;39;1006.7
1623874664;"2021-06-17 05:17:44";24.4;375;67;39;1006.8
1623874967;"2021-06-17 05:22:47";24.4;359;67;39;1006.8
1623875269;"2021-06-17 05:27:49";24.4;375;67;39;1006.9
1623875572;"2021-06-17 05:32:52";24.4;362;67;39;1006.9
1623875874;"2021-06-17 05:37:54";24.4;373;67;39;1007
1623876177;"2021-06-17 05:42:57";24.4;387;67;39;1007.2
1623876479;"2021-06-17 05:47:59";24.3;380;67;38;1007.3
1623876782;"2021-06-17 05:53:02";24.3;378;67;39;1007.2
1623877084;"2021-06-17 05:58:04";24.3;395;67;39;1007
1623877387;"2021-06-17 06:03:07";24.3;380;67;39;1007.1
1623877689;"2021-06-17 06:08:09";24.3;376;67;39;1007.2
1623877992;"2021-06-17 06:13:12";24.4;383;67;39;1007.4
1623878294;"2021-06-17 06:18:14";24.4;391;67;39;1007.5
1623878597;"2021-06-17 06:23:17";24.4;374;67;39;1007.6
1623878900;"2021-06-17 06:28:20";24.4;367;67;38;1007.6
1623879202;"2021-06-17 06:33:22";24.4;367;67;39;1007.5
1623879505;"2021-06-17 06:38:25";24.4;383;67;39;1007.5
1623879807;"2021-06-17 06:43:27";24.4;374;67;40;1007.5
1623880109;"2021-06-17 06:48:29";24.5;372;67;39;1007.5
1623880412;"2021-06-17 06:53:32";24.5;372;67;40;1007.5
1623880714;"2021-06-17 06:58:34";24.5;367;67;39;1007.6
1623881017;"2021-06-17 07:03:37";24.5;372;67;39;1007.6
1623881319;"2021-06-17 07:08:39";24.5;380;67;39;1007.6
1623881622;"2021-06-17 07:13:42";24.5;370;67;39;1007.6
1623881924;"2021-06-17 07:18:44";24.5;361;67;40;1007.7
1623882226;"2021-06-17 07:23:46";24.5;376;67;40;1007.6
1623882529;"2021-06-17 07:28:49";24.5;374;67;40;1007.6
1623882831;"2021-06-17 07:33:51";24.5;374;67;40;1007.6
1623883134;"2021-06-17 07:38:54";24.5;376;67;41;1007.6
1623883436;"2021-06-17 07:43:56";24.5;370;67;41;1007.5
1623883739;"2021-06-17 07:48:59";24.5;374;67;40;1007.4
1623884041;"2021-06-17 07:54:01";24.5;367;67;40;1007.4
1623884344;"2021-06-17 07:59:04";24.5;363;67;40;1007.4
1623884646;"2021-06-17 08:04:06";24.6;372;67;41;1007.2
1623884949;"2021-06-17 08:09:09";24.6;361;67;42;1007.2
1623885251;"2021-06-17 08:14:11";24.6;361;67;42;1007.1
1623885553;"2021-06-17 08:19:13";24.7;365;67;40;1007.2
1623885856;"2021-06-17 08:24:16";24.7;358;67;40;1007.1
1623886158;"2021-06-17 08:29:18";24.7;367;67;43;1007.2
1623886461;"2021-06-17 08:34:21";24.6;356;67;45;1007.2
1623886763;"2021-06-17 08:39:23";24.6;356;66;42;1007.2
1623887066;"2021-06-17 08:44:26";24.6;406;66;44;1007.3
1623887369;"2021-06-17 08:49:29";24.5;397;66;42;1007.3
1623887671;"2021-06-17 08:54:31";24.5;419;66;42;1007.4
1623887974;"2021-06-17 08:59:34";24.6;413;66;43;1007.4
1623888275;"2021-06-17 09:04:35";24.6;390;66;46;1007.4
1623888577;"2021-06-17 09:09:37";24.6;425;66;44;1007.3
1623888881;"2021-06-17 09:14:41";24.7;439;66;44;1007.3
1623889183;"2021-06-17 09:19:43";24.7;425;66;44;1007.3
1623889487;"2021-06-17 09:24:47";24.7;439;66;44;1007.3
1623889789;"2021-06-17 09:29:49";24.8;461;67;44;1007.3
1623890092;"2021-06-17 09:34:52";24.8;459;67;45;1007.3
1623890397;"2021-06-17 09:39:57";24.8;465;67;46;1007.3
1623890699;"2021-06-17 09:44:59";24.9;474;67;47;1007.3
1623891002;"2021-06-17 09:50:02";24.9;472;67;48;1007.3
1623891304;"2021-06-17 09:55:04";25;465;67;48;1007.3
1623891606;"2021-06-17 10:00:06";25;465;67;45;1007.1
1623891909;"2021-06-17 10:05:09";25;478;66;44;1007.1
1623892210;"2021-06-17 10:10:10";25;477;66;48;1007.1
1623892513;"2021-06-17 10:15:13";25;465;66;46;1007.2
1623892813;"2021-06-17 10:20:13";25;461;66;45;1007.2
1623893117;"2021-06-17 10:25:17";25.1;480;66;45;1007.2
1623893419;"2021-06-17 10:30:19";25.1;495;66;45;1007.2
1623893722;"2021-06-17 10:35:22";25.1;472;66;48;1007.1
1623894025;"2021-06-17 10:40:25";25.2;495;66;45;1007.2
1623894328;"2021-06-17 10:45:28";25.2;480;66;44;1007.1
1623894630;"2021-06-17 10:50:30";25.2;486;66;46;1007.2
1623894933;"2021-06-17 10:55:33";25.3;482;66;46;1007.2
1623895235;"2021-06-17 11:00:35";25.3;457;66;47;1007.1
1623895538;"2021-06-17 11:05:38";25.3;460;66;46;1007.1
1623895840;"2021-06-17 11:10:40";25.3;453;66;46;1007.1
1623896143;"2021-06-17 11:15:43";25.4;437;66;46;1007.1
1623896445;"2021-06-17 11:20:45";25.4;444;66;46;1007.1
1623896748;"2021-06-17 11:25:48";25.4;441;66;46;1007
1623897050;"2021-06-17 11:30:50";25.4;440;66;46;1007
1623897353;"2021-06-17 11:35:53";25.5;433;65;45;1006.9
1623897655;"2021-06-17 11:40:55";25.5;440;65;46;1006.9
1623897958;"2021-06-17 11:45:58";25.5;440;65;46;1006.8
1623898260;"2021-06-17 11:51:00";25.5;418;65;46;1006.7
1623898563;"2021-06-17 11:56:03";25.6;440;65;45;1006.7
1623898865;"2021-06-17 12:01:05";25.6;437;65;45;1006.6
1623899167;"2021-06-17 12:06:07";25.6;430;65;48;1006.6
1623899470;"2021-06-17 12:11:10";25.7;433;65;50;1006.5
1623899773;"2021-06-17 12:16:13";25.7;453;65;48;1006.5
1623900075;"2021-06-17 12:21:15";25.7;457;65;48;1006.5
1623900378;"2021-06-17 12:26:18";25.8;473;65;46;1006.5
1623900680;"2021-06-17 12:31:20";25.8;473;65;46;1006.5
1623900983;"2021-06-17 12:36:23";25.8;466;65;48;1006.4
1623901285;"2021-06-17 12:41:25";25.9;480;65;47;1006.4
1623901588;"2021-06-17 12:46:28";25.9;466;65;47;1006.4
1623901890;"2021-06-17 12:51:30";25.9;479;65;46;1006.5
1623902193;"2021-06-17 12:56:33";25.9;492;65;49;1006.4
1623902496;"2021-06-17 13:01:36";26;476;65;47;1006.3
1623902798;"2021-06-17 13:06:38";26;461;65;46;1006.4
1623903100;"2021-06-17 13:11:40";26.1;466;64;45;1006.4
1623903403;"2021-06-17 13:16:43";26.1;466;64;46;1006.3
1623903705;"2021-06-17 13:21:45";26.1;461;64;47;1006.3
1623904008;"2021-06-17 13:26:48";26.2;467;64;47;1006.4
1623904310;"2021-06-17 13:31:50";26.2;461;64;47;1006.4
1623904613;"2021-06-17 13:36:53";26.2;438;64;46;1006.4
1623904915;"2021-06-17 13:41:55";26.2;441;64;47;1006.4
1623905217;"2021-06-17 13:46:57";26.2;449;64;45;1006.4
1623905520;"2021-06-17 13:52:00";26.2;454;64;46;1006.3
1623905822;"2021-06-17 13:57:02";26.2;441;64;46;1006.3
1623906125;"2021-06-17 14:02:05";26.2;454;65;50;1006.4
1623906427;"2021-06-17 14:07:07";26.3;467;65;49;1006.4
1623906730;"2021-06-17 14:12:10";26.4;454;65;48;1006.5
1623907033;"2021-06-17 14:17:13";26.4;451;65;47;1006.6
1623907335;"2021-06-17 14:22:15";26.4;467;65;48;1006.5
1623907638;"2021-06-17 14:27:18";26.4;491;65;49;1006.3
1623907940;"2021-06-17 14:32:20";26.4;512;65;52;1006.4
1623908241;"2021-06-17 14:37:21";26.4;526;65;53;1006.3
1623908544;"2021-06-17 14:42:24";26.2;558;63;50;1006.2
1623908844;"2021-06-17 14:47:24";25.6;565;63;52;1006.2
1623909147;"2021-06-17 14:52:27";25.3;571;64;51;1006.1
1623909449;"2021-06-17 14:57:29";25.2;587;65;52;1006.1
1623909750;"2021-06-17 15:02:30";25.3;593;66;50;1006
1623910052;"2021-06-17 15:07:32";25.4;609;67;48;1005.9
1623910355;"2021-06-17 15:12:35";25.5;587;67;46;1005.8
1623910658;"2021-06-17 15:17:38";25.5;579;66;46;1005.7
1623910960;"2021-06-17 15:22:40";25.1;556;65;48;1005.8
1623911263;"2021-06-17 15:27:43";25;539;66;47;1005.8
1623911566;"2021-06-17 15:32:46";25.1;537;67;48;1005.7
1623911868;"2021-06-17 15:37:48";25.2;549;68;47;1005.7
1623912170;"2021-06-17 15:42:50";25.4;543;68;46;1005.8
1623912473;"2021-06-17 15:47:53";25.2;549;67;46;1005.7
1623912776;"2021-06-17 15:52:56";25.1;544;68;47;1005.7
1623913078;"2021-06-17 15:57:58";25.2;545;68;47;1005.8
1623913381;"2021-06-17 16:03:01";25.3;567;68;49;1005.9
1623913684;"2021-06-17 16:08:04";25.2;543;67;47;1005.9
1623913984;"2021-06-17 16:13:04";25.1;542;68;50;1005.8
1623914287;"2021-06-17 16:18:07";25.2;532;68;47;1005.7
1623914589;"2021-06-17 16:23:09";25.3;553;68;48;1005.6
1623914892;"2021-06-17 16:28:12";25.3;542;67;46;1005.6
1623915194;"2021-06-17 16:33:14";25.1;556;67;47;1005.6
1623915497;"2021-06-17 16:38:17";25.1;552;68;46;1005.6
1623915799;"2021-06-17 16:43:19";25.3;579;68;48;1005.7
1623916102;"2021-06-17 16:48:22";25.3;570;67;47;1005.7
1623916404;"2021-06-17 16:53:24";25.1;556;67;48;1005.7
1623916707;"2021-06-17 16:58:27";25.1;556;68;46;1005.8
1623917010;"2021-06-17 17:03:30";25.2;557;68;48;1006
1623917312;"2021-06-17 17:08:32";25.3;571;67;50;1006
1623917615;"2021-06-17 17:13:35";25.1;544;67;49;1006.1
1623917916;"2021-06-17 17:18:36";25;527;68;47;1006
1623918219;"2021-06-17 17:23:39";25.1;521;68;46;1006.1
1623918520;"2021-06-17 17:28:40";25.2;501;68;50;1006
1623918823;"2021-06-17 17:33:43";25.3;507;68;57;1006.1
1623919125;"2021-06-17 17:38:45";25.2;515;67;54;1006
1623919427;"2021-06-17 17:43:47";25.1;521;68;52;1005.8
1623919730;"2021-06-17 17:48:50";25.2;554;68;52;1006
1623920032;"2021-06-17 17:53:52";25.3;574;68;50;1006
1623920335;"2021-06-17 17:58:55";25.1;596;67;56;1005.9
1623920639;"2021-06-17 18:03:59";25;588;68;53;1006.1
1623920941;"2021-06-17 18:09:01";25.1;541;68;48;1006.1
1623921242;"2021-06-17 18:14:02";25.2;515;68;48;1006
1623921545;"2021-06-17 18:19:05";25.3;506;68;50;1006.1
1623921847;"2021-06-17 18:24:07";25.2;507;67;50;1006.2
1623922149;"2021-06-17 18:29:09";25;509;67;46;1006.1
1623922452;"2021-06-17 18:34:12";25;505;68;49;1006.2
1623922755;"2021-06-17 18:39:15";25.2;515;68;49;1006.4
1623923057;"2021-06-17 18:44:17";25.3;501;68;47;1006.6
1623923359;"2021-06-17 18:49:19";25.2;494;67;45;1006.7
1623923662;"2021-06-17 18:54:22";25.1;505;68;46;1006.7
1623923964;"2021-06-17 18:59:24";25.1;486;68;48;1006.7
1623924267;"2021-06-17 19:04:27";25.2;490;68;50;1006.7
1623924569;"2021-06-17 19:09:29";25.3;510;68;48;1006.7
1623924872;"2021-06-17 19:14:32";25.1;486;67;48;1006.6
1623925175;"2021-06-17 19:19:35";25;495;68;46;1006.6
1623925477;"2021-06-17 19:24:37";25;497;68;46;1006.6
1623925779;"2021-06-17 19:29:39";25.2;486;68;49;1006.6
1623926082;"2021-06-17 19:34:42";25.3;487;68;48;1006.7
1623926385;"2021-06-17 19:39:45";25.1;512;67;46;1006.9
1623926687;"2021-06-17 19:44:47";25;509;68;45;1006.8
1623926994;"2021-06-17 19:49:54";25;493;68;46;1006.9
1623927297;"2021-06-17 19:54:57";25.1;472;68;44;1006.9
1623927599;"2021-06-17 19:59:59";25.2;468;68;43;1006.7
1623927901;"2021-06-17 20:05:01";25.3;433;68;43;1006.8
1623928204;"2021-06-17 20:10:04";25.3;446;67;43;1006.9
1623928507;"2021-06-17 20:15:07";25;461;67;42;1006.9
1623928809;"2021-06-17 20:20:09";24.8;456;68;41;1006.7
1623929111;"2021-06-17 20:25:11";24.8;468;68;42;1006.7
1623929414;"2021-06-17 20:30:14";24.9;449;68;42;1006.9
1623929716;"2021-06-17 20:35:16";25;452;68;43;1007.1
1623930019;"2021-06-17 20:40:19";25;442;68;43;1007.2
1623930321;"2021-06-17 20:45:21";25.1;436;68;43;1007.4
1623930624;"2021-06-17 20:50:24";25.1;452;68;43;1007.2
1623930926;"2021-06-17 20:55:26";25.1;443;68;43;1007.2
1623931229;"2021-06-17 21:00:29";25.2;452;68;43;1007.1
1623931531;"2021-06-17 21:05:31";25.2;439;68;43;1007.2
1623931834;"2021-06-17 21:10:34";25.2;453;68;42;1007.2
1623932136;"2021-06-17 21:15:36";25.2;449;67;42;1007.2
1623932439;"2021-06-17 21:20:39";24.9;435;66;41;1007.4
1623932741;"2021-06-17 21:25:41";24.9;473;66;40;1007.6
1623933044;"2021-06-17 21:30:44";25;451;66;40;1007.6
1623933346;"2021-06-17 21:35:46";25;435;67;41;1007.6
1623933649;"2021-06-17 21:40:49";25.1;431;67;41;1007.6
1623933951;"2021-06-17 21:45:51";25.1;424;67;41;1007.6
1623934254;"2021-06-17 21:50:54";25.2;412;67;41;1007.5
1623934556;"2021-06-17 21:55:56";25.2;433;67;41;1007.4
1623934859;"2021-06-17 22:00:59";25.2;405;67;40;1007.5
1623935162;"2021-06-17 22:06:02";25.2;427;67;40;1007.4
1623935464;"2021-06-17 22:11:04";25.2;419;67;39;1007.4
1623935767;"2021-06-17 22:16:07";25.2;433;67;39;1007.4
1623936069;"2021-06-17 22:21:09";25.2;413;67;40;1007.4
1623936372;"2021-06-17 22:26:12";25.2;424;67;40;1007.4
1623936675;"2021-06-17 22:31:15";25.2;413;67;41;1007.3
1623936977;"2021-06-17 22:36:17";25.2;425;67;40;1007.3
1623937280;"2021-06-17 22:41:20";25.2;410;67;40;1007.3
1623937582;"2021-06-17 22:46:22";25.2;406;67;41;1007.2
1623937885;"2021-06-17 22:51:25";25.2;420;67;40;1007.1
1623938187;"2021-06-17 22:56:27";25.2;424;67;41;1007.1
1623938490;"2021-06-17 23:01:30";25.2;417;67;41;1007.2
1623938792;"2021-06-17 23:06:32";25.2;425;67;39;1007.2
1623939095;"2021-06-17 23:11:35";25.2;421;67;39;1007.1
1623939397;"2021-06-17 23:16:37";25.2;406;67;39;1007.1
1623939700;"2021-06-17 23:21:40";25.2;398;67;40;1007.1
1623940002;"2021-06-17 23:26:42";25.2;421;67;40;1007
1623940305;"2021-06-17 23:31:45";25.2;410;67;40;1006.9
1623940607;"2021-06-17 23:36:47";25.2;420;67;41;1007
1623940910;"2021-06-17 23:41:50";25.2;394;67;40;1007
1623941212;"2021-06-17 23:46:52";25.2;419;67;41;1007
1623941514;"2021-06-17 23:51:54";25.1;414;67;40;1006.9
1623941817;"2021-06-17 23:56:57";25.1;406;67;39;1006.9
1623942120;"2021-06-18 00:02:00";25.2;401;67;39;1006.8
1623942422;"2021-06-18 00:07:02";25.1;410;67;40;1006.7
1623942725;"2021-06-18 00:12:05";25.1;403;67;40;1006.7
1623943027;"2021-06-18 00:17:07";25.1;420;67;40;1006.5
1623943330;"2021-06-18 00:22:10";25.1;398;67;40;1006.5
1623943633;"2021-06-18 00:27:13";25.1;413;67;40;1006.4
1623943935;"2021-06-18 00:32:15";25.1;398;67;40;1006.4
1623944238;"2021-06-18 00:37:18";25.1;394;67;41;1006.4
1623944540;"2021-06-18 00:42:20";25.1;391;67;41;1006.4
1623944842;"2021-06-18 00:47:22";25.1;410;67;41;1006.3
1623945145;"2021-06-18 00:52:25";25.1;428;67;41;1006.3
1623945447;"2021-06-18 00:57:27";25.1;410;67;41;1006.2
1623945749;"2021-06-18 01:02:29";25.1;413;67;41;1006.1
1623946052;"2021-06-18 01:07:32";25.1;406;67;41;1006.1
1623946354;"2021-06-18 01:12:34";25.1;420;67;41;1006
1623946657;"2021-06-18 01:17:37";25.1;406;67;41;1006.1
1623946959;"2021-06-18 01:22:39";25.1;408;67;41;1006.1
1623947262;"2021-06-18 01:27:42";25.1;410;67;41;1006.1
1623947564;"2021-06-18 01:32:44";25.1;409;67;40;1006.1
1623947866;"2021-06-18 01:37:46";25.1;406;67;39;1006
1623948169;"2021-06-18 01:42:49";25.1;409;67;39;1006.1
1623948471;"2021-06-18 01:47:51";25.1;410;67;40;1006.1
1623948774;"2021-06-18 01:52:54";25.1;413;67;40;1006.1
1623949076;"2021-06-18 01:57:56";25.1;414;67;40;1006
1623949379;"2021-06-18 02:02:59";25.1;428;67;40;1005.9
1623949681;"2021-06-18 02:08:01";25.1;421;67;40;1005.9
1623949984;"2021-06-18 02:13:04";25.1;417;67;40;1006
1623950286;"2021-06-18 02:18:06";25.1;417;67;41;1006.1
1623950589;"2021-06-18 02:23:09";25.1;420;67;40;1006.1
1623950891;"2021-06-18 02:28:11";25;413;67;40;1006
1623951193;"2021-06-18 02:33:13";25;424;67;39;1005.9
1623951496;"2021-06-18 02:38:16";25;413;67;39;1005.9
1623951798;"2021-06-18 02:43:18";25;420;67;39;1005.9
1623952101;"2021-06-18 02:48:21";25;421;67;40;1005.8
1623952403;"2021-06-18 02:53:23";25;439;67;40;1005.8
1623952706;"2021-06-18 02:58:26";25;417;67;40;1005.7
1623953008;"2021-06-18 03:03:28";25;413;67;40;1005.7
1623953311;"2021-06-18 03:08:31";25;420;67;41;1005.7
1623953613;"2021-06-18 03:13:33";25;420;67;41;1005.7
1623953916;"2021-06-18 03:18:36";25;417;67;41;1005.7
1623954218;"2021-06-18 03:23:38";25;425;67;40;1005.6
1623954521;"2021-06-18 03:28:41";25;421;68;39;1005.6
1623954823;"2021-06-18 03:33:43";25;432;68;39;1005.6
1623955126;"2021-06-18 03:38:46";25;432;68;39;1005.7
1623955428;"2021-06-18 03:43:48";25;425;68;39;1005.7
1623955730;"2021-06-18 03:48:50";25;435;68;40;1005.7
1623956033;"2021-06-18 03:53:53";25;432;68;40;1005.6
1623956336;"2021-06-18 03:58:56";25;425;68;40;1005.5
1623956638;"2021-06-18 04:03:58";25;420;68;40;1005.6
1623956941;"2021-06-18 04:09:01";25;432;68;40;1005.5
1623957243;"2021-06-18 04:14:03";25;440;68;41;1005.6
1623957546;"2021-06-18 04:19:06";25;432;68;41;1005.7
1623957848;"2021-06-18 04:24:08";25;429;68;39;1005.7
1623958151;"2021-06-18 04:29:11";25;432;68;39;1005.7
1623958454;"2021-06-18 04:34:14";25;417;68;39;1005.7
1623958756;"2021-06-18 04:39:16";25;423;68;40;1005.6
1623959059;"2021-06-18 04:44:19";25;435;68;40;1005.6
1623959361;"2021-06-18 04:49:21";25;432;68;40;1005.6
1623959663;"2021-06-18 04:54:23";25;413;68;40;1005.5
1623959966;"2021-06-18 04:59:26";25;417;68;41;1005.5
1623960268;"2021-06-18 05:04:28";25;432;68;41;1005.6
1623960571;"2021-06-18 05:09:31";25;424;68;41;1005.6
1623960873;"2021-06-18 05:14:33";25;432;69;40;1005.6
1623961176;"2021-06-18 05:19:36";25;424;69;39;1005.5
1623961478;"2021-06-18 05:24:38";25;428;69;39;1005.6
1623961781;"2021-06-18 05:29:41";25;436;69;40;1005.6
1623962083;"2021-06-18 05:34:43";25;429;69;40;1005.7
1623962386;"2021-06-18 05:39:46";25;429;69;40;1005.7
1623962688;"2021-06-18 05:44:48";25;438;69;40;1005.7
1623962991;"2021-06-18 05:49:51";25;429;69;40;1005.7
1623963293;"2021-06-18 05:54:53";25;438;69;40;1005.8
1623963596;"2021-06-18 05:59:56";25;424;69;40;1005.8
1623963898;"2021-06-18 06:04:58";25;420;69;41;1005.8
1623964201;"2021-06-18 06:10:01";25;432;70;39;1005.8
1623964503;"2021-06-18 06:15:03";24.9;425;70;39;1005.7
1623964806;"2021-06-18 06:20:06";24.9;439;70;39;1005.7
1623965108;"2021-06-18 06:25:08";24.9;440;70;40;1005.7
1623965411;"2021-06-18 06:30:11";24.9;420;70;41;1005.7
1623965713;"2021-06-18 06:35:13";24.9;420;70;40;1005.8
1623966016;"2021-06-18 06:40:16";24.9;442;70;41;1005.8
1623966318;"2021-06-18 06:45:18";24.9;434;70;41;1005.8
1623966621;"2021-06-18 06:50:21";24.9;432;70;41;1005.8
1623966923;"2021-06-18 06:55:23";24.9;432;70;41;1005.8
1623967226;"2021-06-18 07:00:26";25;438;70;41;1005.8
1623967528;"2021-06-18 07:05:28";24.9;435;70;40;1005.9
1623967831;"2021-06-18 07:10:31";24.9;423;70;40;1005.8
1623968133;"2021-06-18 07:15:33";25;436;70;40;1005.8
1623968436;"2021-06-18 07:20:36";24.9;445;70;41;1005.8
1623968739;"2021-06-18 07:25:39";24.9;435;71;41;1005.8
1623969041;"2021-06-18 07:30:41";24.9;421;71;41;1005.8
1623969344;"2021-06-18 07:35:44";24.9;439;71;41;1005.8
1623969646;"2021-06-18 07:40:46";24.9;434;71;42;1005.8
1623969949;"2021-06-18 07:45:49";24.9;428;71;43;1006.1
1623970251;"2021-06-18 07:50:51";24.7;440;71;56;1006.1
1623970554;"2021-06-18 07:55:54";24.5;424;72;54;1006.1
1623970857;"2021-06-18 08:00:57";24.2;439;73;45;1006.1
1623971159;"2021-06-18 08:05:59";24.3;444;73;41;1006.1
1623971462;"2021-06-18 08:11:02";24.5;435;73;41;1006.1
1623971764;"2021-06-18 08:16:04";24.5;431;73;42;1006.1
1623972066;"2021-06-18 08:21:06";24.5;420;73;41;1006.1
1623972369;"2021-06-18 08:26:09";24.6;432;73;42;1006
1623972671;"2021-06-18 08:31:11";24.7;428;72;42;1006
1623972974;"2021-06-18 08:36:14";24.7;420;72;41;1006
1623973276;"2021-06-18 08:41:16";24.7;425;72;41;1006
1623973579;"2021-06-18 08:46:19";24.7;420;72;42;1006
1623973881;"2021-06-18 08:51:21";24.7;428;72;42;1005.9
1623974184;"2021-06-18 08:56:24";24.7;403;72;44;1006.1
1623974486;"2021-06-18 09:01:26";24.4;408;73;46;1006
1623974789;"2021-06-18 09:06:29";24;409;73;46;1006
1623975091;"2021-06-18 09:11:31";23.7;414;74;45;1006
1623975402;"2021-06-18 09:16:42";23.5;404;75;45;1005.9
1623975707;"2021-06-18 09:21:47";23.4;378;75;44;1005.8
1623976009;"2021-06-18 09:26:49";23.3;388;75;45;1005.8
1623976311;"2021-06-18 09:31:51";23.2;388;75;46;1005.8
1623976614;"2021-06-18 09:36:54";23.1;385;76;45;1005.6
1623976916;"2021-06-18 09:41:56";23.1;382;76;46;1005.7
1623977219;"2021-06-18 09:46:59";23;388;77;45;1005.8
1623977521;"2021-06-18 09:52:01";23;384;77;45;1005.8
1623977824;"2021-06-18 09:57:04";23;391;77;46;1005.8
1623978126;"2021-06-18 10:02:06";23;388;77;47;1005.8
1623978428;"2021-06-18 10:07:08";23.1;395;77;47;1005.8
1623978730;"2021-06-18 10:12:10";23.1;395;77;46;1005.8
1623979033;"2021-06-18 10:17:13";23.1;389;78;45;1005.8
1623979335;"2021-06-18 10:22:15";23;384;78;44;1005.8
1623979638;"2021-06-18 10:27:18";23.1;392;78;46;1005.8
1623979941;"2021-06-18 10:32:21";23.1;384;78;48;1005.8
1623980244;"2021-06-18 10:37:24";23.1;392;78;48;1005.8
1623980547;"2021-06-18 10:42:27";23.2;403;78;47;1005.8
1623980849;"2021-06-18 10:47:29";23.2;404;78;46;1005.8
1623981152;"2021-06-18 10:52:32";23.2;399;78;46;1005.8
1623981454;"2021-06-18 10:57:34";23.1;404;78;46;1005.8
1623981756;"2021-06-18 11:02:36";23.1;385;79;45;1005.8
1623982059;"2021-06-18 11:07:39";23.1;385;79;47;1005.9
1623982361;"2021-06-18 11:12:41";23.2;407;79;48;1005.8
1623982664;"2021-06-18 11:17:44";23.2;414;79;47;1005.8
1623982966;"2021-06-18 11:22:46";23.2;407;79;47;1005.7
1623983269;"2021-06-18 11:27:49";23.2;407;79;45;1005.7
1623983571;"2021-06-18 11:32:51";23.2;389;79;47;1005.7
1623983874;"2021-06-18 11:37:54";23.1;393;79;46;1005.6
1623984176;"2021-06-18 11:42:56";23.1;392;79;47;1005.6
1623984479;"2021-06-18 11:47:59";23.1;392;79;46;1005.5
1623984781;"2021-06-18 11:53:01";23.1;388;79;47;1005.5
1623985084;"2021-06-18 11:58:04";23.1;373;79;46;1005.4
1623985387;"2021-06-18 12:03:07";23.1;377;80;45;1005.4
1623985689;"2021-06-18 12:08:09";23.1;392;80;47;1005.4
1623985992;"2021-06-18 12:13:12";23.1;377;80;54;1005.4
1623986294;"2021-06-18 12:18:14";23.1;389;80;50;1005.3
1623986598;"2021-06-18 12:23:18";23.1;394;80;49;1005.3
1623986900;"2021-06-18 12:28:20";23.1;392;80;46;1005.2
1623987202;"2021-06-18 12:33:22";23.1;384;80;45;1005.1
1623987505;"2021-06-18 12:38:25";23.1;394;80;47;1005.1
1623987807;"2021-06-18 12:43:27";23.2;389;80;45;1005
1623988110;"2021-06-18 12:48:30";23.2;382;80;46;1004.9
1623988412;"2021-06-18 12:53:32";23.3;384;80;44;1004.8
1623988715;"2021-06-18 12:58:35";23.3;392;80;44;1004.9
1623989017;"2021-06-18 13:03:37";23.4;412;80;46;1004.7
1623989320;"2021-06-18 13:08:40";23.6;419;80;47;1004.7
1623989623;"2021-06-18 13:13:43";23.8;435;79;43;1004.7
1623989925;"2021-06-18 13:18:45";24;445;79;44;1004.6
1623990227;"2021-06-18 13:23:47";24.1;459;79;45;1004.5
1623990530;"2021-06-18 13:28:50";24.2;455;78;44;1004.5
1623990832;"2021-06-18 13:33:52";24.3;462;78;44;1004.5
1623991135;"2021-06-18 13:38:55";24.5;474;78;45;1004.5
1623991437;"2021-06-18 13:43:57";24.5;461;78;46;1004.4
1623991740;"2021-06-18 13:49:00";24.5;470;78;46;1004.4
1623992042;"2021-06-18 13:54:02";24.5;486;77;48;1004.4
1623992345;"2021-06-18 13:59:05";24.5;462;77;46;1004.5
1623992648;"2021-06-18 14:04:08";24.7;501;77;49;1004.5
1623992950;"2021-06-18 14:09:10";24.7;516;77;48;1004.4
1623993252;"2021-06-18 14:14:12";24.8;528;77;49;1004.4
1623993556;"2021-06-18 14:19:16";24.8;515;77;47;1004.3
1623993858;"2021-06-18 14:24:18";24.8;515;77;46;1004.4
1623994161;"2021-06-18 14:29:21";24.8;507;77;47;1004.4
1623994465;"2021-06-18 14:34:25";24.9;501;77;50;1004.5
1623994765;"2021-06-18 14:39:25";24.5;453;77;50;1004.4
1623995069;"2021-06-18 14:44:29";24.5;472;77;45;1004.3
1623995371;"2021-06-18 14:49:31";24.5;453;77;45;1004.2
1623995673;"2021-06-18 14:54:33";24.7;450;77;44;1004.2
1623995976;"2021-06-18 14:59:36";24.8;453;77;42;1004.2
1623996279;"2021-06-18 15:04:39";24.8;441;77;41;1004.1
1623996581;"2021-06-18 15:09:41";24.9;426;76;43;1004
1623996884;"2021-06-18 15:14:44";24.9;446;76;44;1004
1623997186;"2021-06-18 15:19:46";25;446;76;44;1003.9
1623997489;"2021-06-18 15:24:49";25;430;76;43;1003.9
1623997791;"2021-06-18 15:29:51";25;440;76;43;1003.8
1623998094;"2021-06-18 15:34:54";25;433;76;44;1003.8
1623998396;"2021-06-18 15:39:56";25;421;76;48;1003.8
1623998698;"2021-06-18 15:44:58";24.8;414;76;48;1003.8
1623999002;"2021-06-18 15:50:02";24.7;407;76;46;1003.7
1623999304;"2021-06-18 15:55:04";24.5;402;76;49;1003.7
1623999608;"2021-06-18 16:00:08";24.5;398;76;48;1003.7
1623999910;"2021-06-18 16:05:10";24.4;394;77;47;1003.7
1624000213;"2021-06-18 16:10:13";24.3;394;77;48;1003.7
1624000515;"2021-06-18 16:15:15";24.2;390;77;48;1003.8
1624000818;"2021-06-18 16:20:18";24.1;387;77;47;1003.8
1624001120;"2021-06-18 16:25:20";24;381;77;46;1003.8
1624001423;"2021-06-18 16:30:23";24;375;77;47;1003.8
1624001727;"2021-06-18 16:35:27";24;381;77;47;1003.7
1624002029;"2021-06-18 16:40:29";24;366;78;47;1003.8
1624002332;"2021-06-18 16:45:32";23.9;375;78;47;1003.7
1624002636;"2021-06-18 16:50:36";23.9;381;78;47;1003.7
1624002939;"2021-06-18 16:55:39";23.9;386;78;47;1003.7
1624003241;"2021-06-18 17:00:41";23.9;365;78;47;1003.6
1624003544;"2021-06-18 17:05:44";23.9;383;78;47;1003.6
1624003846;"2021-06-18 17:10:46";23.9;383;78;48;1003.4
1624004149;"2021-06-18 17:15:49";23.9;381;78;47;1003.3
1624004451;"2021-06-18 17:20:51";23.9;375;78;47;1003.2
1624004754;"2021-06-18 17:25:54";23.9;383;78;47;1003.3
1624005056;"2021-06-18 17:30:56";23.9;379;78;48;1003.2
1624005359;"2021-06-18 17:35:59";23.8;393;78;49;1003.3
1624005661;"2021-06-18 17:41:01";23.8;383;78;48;1003.3
1624005965;"2021-06-18 17:46:05";23.8;382;78;48;1003.3
1624006267;"2021-06-18 17:51:07";23.8;393;78;47;1003.3
1624006570;"2021-06-18 17:56:10";23.8;382;79;47;1003.3
1624006872;"2021-06-18 18:01:12";23.7;382;79;47;1003.4
1624007175;"2021-06-18 18:06:15";23.7;365;79;47;1003.4
1624007477;"2021-06-18 18:11:17";23.7;397;79;47;1003.4
1624007780;"2021-06-18 18:16:20";23.7;382;79;47;1003.4
1624008082;"2021-06-18 18:21:22";23.7;385;79;46;1003.4
1624008384;"2021-06-18 18:26:24";23.7;378;79;46;1003.4
1624008687;"2021-06-18 18:31:27";23.6;359;79;48;1003.5
1624008989;"2021-06-18 18:36:29";23.7;371;79;48;1003.5
1624009292;"2021-06-18 18:41:32";23.6;380;79;47;1003.5
1624009594;"2021-06-18 18:46:34";23.6;376;79;47;1003.4
1624009897;"2021-06-18 18:51:37";23.5;378;79;47;1003.5
1624010199;"2021-06-18 18:56:39";23.5;374;80;47;1003.5
1624010501;"2021-06-18 19:01:41";23.5;380;80;48;1003.6
1624010804;"2021-06-18 19:06:44";23.5;389;80;50;1003.5
1624011106;"2021-06-18 19:11:46";23.6;393;80;48;1003.5
1624011409;"2021-06-18 19:16:49";23.6;397;80;50;1003.6
1624011712;"2021-06-18 19:21:52";23.6;400;80;49;1003.6
1624012016;"2021-06-18 19:26:56";23.6;379;80;47;1003.6
1624012318;"2021-06-18 19:31:58";23.6;404;80;48;1003.6
1624012620;"2021-06-18 19:37:00";23.7;385;80;46;1003.6
1624012923;"2021-06-18 19:42:03";23.7;385;80;46;1003.6
1624013225;"2021-06-18 19:47:05";23.7;396;80;49;1003.5
1624013526;"2021-06-18 19:52:06";23.7;386;80;46;1003.5
1624013829;"2021-06-18 19:57:09";23.6;401;80;47;1003.6
1624014131;"2021-06-18 20:02:11";23.6;378;80;46;1003.6
1624014434;"2021-06-18 20:07:14";23.6;359;80;46;1003.6
1624014736;"2021-06-18 20:12:16";23.5;382;80;46;1003.6
1624015036;"2021-06-18 20:17:16";23.4;379;80;45;1003.7
1624015339;"2021-06-18 20:22:19";23.4;389;80;45;1003.8
1624015640;"2021-06-18 20:27:20";23.3;376;80;46;1003.7
1624015942;"2021-06-18 20:32:22";23.3;382;81;46;1003.6
1624016245;"2021-06-18 20:37:25";23.3;365;81;46;1003.7
1624016547;"2021-06-18 20:42:27";23.2;371;81;45;1003.7
1624016849;"2021-06-18 20:47:29";23.2;393;81;46;1003.7
1624017152;"2021-06-18 20:52:32";23.2;367;81;46;1003.8
1624017454;"2021-06-18 20:57:34";23.2;374;81;46;1003.9
1624017757;"2021-06-18 21:02:37";23.2;359;81;45;1003.9
1624018060;"2021-06-18 21:07:40";23.1;367;81;45;1003.9
1624018363;"2021-06-18 21:12:43";23.1;369;81;45;1003.9
1624018666;"2021-06-18 21:17:46";23.1;364;81;43;1003.8
1624018968;"2021-06-18 21:22:48";23.4;380;81;42;1003.8
1624019271;"2021-06-18 21:27:51";23.6;380;81;43;1003.8
1624019574;"2021-06-18 21:32:54";23.7;374;80;43;1003.8
1624019877;"2021-06-18 21:37:57";23.9;380;80;43;1003.9
1624020180;"2021-06-18 21:43:00";24;383;80;43;1003.8
1624020483;"2021-06-18 21:48:03";24.1;406;80;43;1003.8
1624020785;"2021-06-18 21:53:05";24.1;379;79;42;1003.8
1624021088;"2021-06-18 21:58:08";24.2;401;79;41;1003.8
1624021390;"2021-06-18 22:03:10";24.2;394;79;41;1003.7
1624021693;"2021-06-18 22:08:13";24.2;387;79;42;1003.7
1624021995;"2021-06-18 22:13:15";24.3;387;79;43;1003.5
1624022298;"2021-06-18 22:18:18";24.3;381;79;42;1003.5
1624022600;"2021-06-18 22:23:20";24.3;394;78;42;1003.4
1624022903;"2021-06-18 22:28:23";24.3;386;78;43;1003.1
1624023206;"2021-06-18 22:33:26";24.3;394;78;42;1003.1
1624023508;"2021-06-18 22:38:28";24.3;394;78;42;1003.1
1624023811;"2021-06-18 22:43:31";24.3;391;78;43;1003
1624024113;"2021-06-18 22:48:33";24.3;381;78;41;1003
1624024416;"2021-06-18 22:53:36";24.3;375;78;41;1003
1624024718;"2021-06-18 22:58:38";24.3;381;78;41;1002.9
1624025021;"2021-06-18 23:03:41";24.3;391;78;41;1002.8
1624025323;"2021-06-18 23:08:43";24.3;372;78;41;1002.9
1624025626;"2021-06-18 23:13:46";24.3;377;78;42;1002.7
1624025928;"2021-06-18 23:18:48";24.3;397;78;42;1002.6
1624026230;"2021-06-18 23:23:50";24.3;391;78;42;1002.5
1624026533;"2021-06-18 23:28:53";24.4;386;78;42;1002.5
1624026835;"2021-06-18 23:33:55";24.3;395;78;42;1002.5
1624027137;"2021-06-18 23:38:57";24.3;387;78;42;1002.5
1624027440;"2021-06-18 23:44:00";24.3;387;78;40;1002.5
1624027742;"2021-06-18 23:49:02";24.3;394;78;41;1002.4
1624028045;"2021-06-18 23:54:05";24.3;398;78;41;1002.4
1624028347;"2021-06-18 23:59:07";24.3;387;78;42;1002.3
1624028650;"2021-06-19 00:04:10";24.3;394;78;43;1002.4
1624028952;"2021-06-19 00:09:12";24.3;387;78;42;1002.4
1624029255;"2021-06-19 00:14:15";24.3;387;78;43;1002.2
1624029558;"2021-06-19 00:19:18";24.3;381;78;42;1002.2
1624029860;"2021-06-19 00:24:20";24.3;375;78;42;1002.1
1624030163;"2021-06-19 00:29:23";24.3;388;78;42;1001.8
1624030465;"2021-06-19 00:34:25";24.3;380;78;41;1001.8
1624030767;"2021-06-19 00:39:27";24.3;391;78;40;1001.8
1624031070;"2021-06-19 00:44:30";24.3;382;78;40;1001.8
1624031373;"2021-06-19 00:49:33";24.3;392;78;41;1001.7
1624031675;"2021-06-19 00:54:35";24.3;388;78;42;1001.6
1624031977;"2021-06-19 00:59:37";24.3;387;78;42;1001.6
1624032280;"2021-06-19 01:04:40";24.3;373;78;42;1001.6
1624032582;"2021-06-19 01:09:42";24.3;376;77;42;1001.6
1624032885;"2021-06-19 01:14:45";24.3;380;77;42;1001.6
1624033188;"2021-06-19 01:19:48";24.3;387;77;41;1001.5
1624033490;"2021-06-19 01:24:50";24.3;387;77;41;1001.4
1624033792;"2021-06-19 01:29:52";24.3;373;77;41;1001.4
1624034094;"2021-06-19 01:34:54";24.3;381;77;42;1001.4
1624034397;"2021-06-19 01:39:57";24.3;395;77;42;1001.5
1624034699;"2021-06-19 01:44:59";24.3;387;77;42;1001.4
1624035002;"2021-06-19 01:50:02";24.3;384;77;42;1001.3
1624035304;"2021-06-19 01:55:04";24.3;395;77;42;1001.2
1624035607;"2021-06-19 02:00:07";24.3;398;77;41;1001.3
1624035910;"2021-06-19 02:05:10";24.3;381;77;42;1001.2
1624036212;"2021-06-19 02:10:12";24.3;402;77;42;1001.1
1624036514;"2021-06-19 02:15:14";24.3;385;77;42;1001.1
1624036817;"2021-06-19 02:20:17";24.3;402;77;42;1001.1
1624037119;"2021-06-19 02:25:19";24.3;395;77;42;1001
1624037422;"2021-06-19 02:30:22";24.3;388;77;42;1000.9
1624037724;"2021-06-19 02:35:24";24.3;396;77;42;1000.9
1624038027;"2021-06-19 02:40:27";24.3;395;77;43;1001
1624038329;"2021-06-19 02:45:29";24.3;388;77;40;1001
1624038632;"2021-06-19 02:50:32";24.3;395;78;40;1001
1624038934;"2021-06-19 02:55:34";24.3;399;78;41;1001
1624039236;"2021-06-19 03:00:36";24.3;395;78;41;1000.9
1624039539;"2021-06-19 03:05:39";24.3;382;78;42;1000.6
1624039841;"2021-06-19 03:10:41";24.3;395;78;42;1000.7
1624040144;"2021-06-19 03:15:44";24.3;395;78;42;1000.7
1624040446;"2021-06-19 03:20:46";24.3;387;78;42;1000.8
1624040749;"2021-06-19 03:25:49";24.3;382;78;42;1000.7
1624041051;"2021-06-19 03:30:51";24.3;391;78;42;1000.7
1624041354;"2021-06-19 03:35:54";24.3;402;78;42;1000.7
1624041656;"2021-06-19 03:40:56";24.3;402;78;40;1000.7
1624041959;"2021-06-19 03:45:59";24.3;396;78;40;1000.7
1624042261;"2021-06-19 03:51:01";24.3;380;78;41;1000.6
1624042564;"2021-06-19 03:56:04";24.3;380;78;42;1000.7
1624042867;"2021-06-19 04:01:07";24.3;385;78;42;1000.7
1624043169;"2021-06-19 04:06:09";24.3;403;78;42;1000.7
1624043472;"2021-06-19 04:11:12";24.3;402;78;42;1000.6
1624043774;"2021-06-19 04:16:14";24.3;395;78;42;1000.6
1624044077;"2021-06-19 04:21:17";24.3;402;78;42;1000.6
1624044379;"2021-06-19 04:26:19";24.3;387;78;42;1000.5
1624044682;"2021-06-19 04:31:22";24.3;388;78;42;1000.6
1624044984;"2021-06-19 04:36:24";24.3;399;78;41;1000.6
1624045287;"2021-06-19 04:41:27";24.2;395;78;41;1000.5
1624045589;"2021-06-19 04:46:29";24.2;392;78;41;1000.6
1624045892;"2021-06-19 04:51:32";24.2;392;78;41;1000.6
1624046194;"2021-06-19 04:56:34";24.2;414;78;42;1000.7
1624046496;"2021-06-19 05:01:36";24.2;382;78;42;1000.7
1624046799;"2021-06-19 05:06:39";24.2;399;78;42;1000.6
1624047101;"2021-06-19 05:11:41";24.2;388;78;42;1000.6
1624047403;"2021-06-19 05:16:43";24.2;407;78;42;1000.6
1624047706;"2021-06-19 05:21:46";24.2;403;78;42;1000.6
1624048008;"2021-06-19 05:26:48";24.3;395;78;40;1000.5
1624048311;"2021-06-19 05:31:51";24.2;395;78;40;1000.6
1624048613;"2021-06-19 05:36:53";24.2;407;78;40;1000.5
1624048916;"2021-06-19 05:41:56";24.2;414;78;42;1000.6
1624049218;"2021-06-19 05:46:58";24.2;399;78;42;1000.7
1624049521;"2021-06-19 05:52:01";24.2;402;78;42;1000.7
1624049823;"2021-06-19 05:57:03";24.2;396;78;42;1000.7
1624050126;"2021-06-19 06:02:06";24.2;399;78;42;1000.7
1624050428;"2021-06-19 06:07:08";24.2;388;78;42;1000.7
1624050731;"2021-06-19 06:12:11";24.3;399;78;43;1000.8
1624051033;"2021-06-19 06:17:13";24.3;399;78;41;1000.8
1624051336;"2021-06-19 06:22:16";24.3;399;78;40;1000.7
1624051638;"2021-06-19 06:27:18";24.3;414;78;40;1000.8
1624051941;"2021-06-19 06:32:21";24.3;421;78;41;1000.8
1624052243;"2021-06-19 06:37:23";24.2;400;78;41;1000.8
1624052546;"2021-06-19 06:42:26";24.2;395;78;42;1000.8
1624052849;"2021-06-19 06:47:29";24.2;414;78;42;1000.9
1624053151;"2021-06-19 06:52:31";24.2;392;78;43;1000.9
1624053454;"2021-06-19 06:57:34";24.3;403;78;43;1000.9
1624053756;"2021-06-19 07:02:36";24.3;417;78;42;1001
1624054058;"2021-06-19 07:07:38";24.3;396;78;42;1001
1624054361;"2021-06-19 07:12:41";24.3;399;78;41;1001.1
1624054663;"2021-06-19 07:17:43";24.3;392;78;41;1001.2
1624054966;"2021-06-19 07:22:46";24.3;410;78;42;1001.2
1624055269;"2021-06-19 07:27:49";24.3;399;78;42;1001.3
1624055571;"2021-06-19 07:32:51";24.3;407;78;43;1001.3
1624055874;"2021-06-19 07:37:54";24.3;388;78;43;1001.3
1624056176;"2021-06-19 07:42:56";24.3;406;78;43;1001.2
1624056382;"2021-06-19 07:46:22";24.3;402;78;43;1001.2
1624056684;"2021-06-19 07:51:24";24.3;399;78;43;1001.2
1624056987;"2021-06-19 07:56:27";24.3;414;78;43;1001.3
1624057290;"2021-06-19 08:01:30";24.3;407;78;41;1001.3
1624057592;"2021-06-19 08:06:32";24.3;411;78;41;1001.3
1624057894;"2021-06-19 08:11:34";24.3;403;78;41;1001.3
1624058197;"2021-06-19 08:16:37";24.3;402;78;42;1001.3
1624058500;"2021-06-19 08:21:40";24.3;395;78;43;1001.4
1624058802;"2021-06-19 08:26:42";24.3;411;78;43;1001.4
1624059105;"2021-06-19 08:31:45";24.3;382;78;43;1001.4
1624059407;"2021-06-19 08:36:47";24.3;392;78;42;1001.4
1624059710;"2021-06-19 08:41:50";24.3;395;78;43;1001.3
1624060012;"2021-06-19 08:46:52";24.3;395;78;43;1001.2
1624060315;"2021-06-19 08:51:55";24.3;399;78;43;1001.2
1624060617;"2021-06-19 08:56:57";24.4;410;78;42;1001.2
1624060920;"2021-06-19 09:02:00";24.4;399;78;43;1001.2
1624061222;"2021-06-19 09:07:02";24.4;406;78;46;1001.1
1624061525;"2021-06-19 09:12:05";24.4;425;78;45;1001.1
1624061827;"2021-06-19 09:17:07";24.4;425;78;46;1001.1
1624062130;"2021-06-19 09:22:10";24.4;433;78;46;1001.1
1624062433;"2021-06-19 09:27:13";24.4;418;78;46;1001
1624062735;"2021-06-19 09:32:15";24.4;425;78;46;1001
1624063037;"2021-06-19 09:37:17";24.5;404;78;50;1001
1624063341;"2021-06-19 09:42:21";24.5;424;78;49;1001.1
1624063643;"2021-06-19 09:47:23";24.5;430;78;48;1001.1
1624063946;"2021-06-19 09:52:26";24.5;425;78;47;1001.1
1624064248;"2021-06-19 09:57:28";24.5;433;78;48;1001.1
1624064551;"2021-06-19 10:02:31";24.5;422;78;47;1001.1
1624064853;"2021-06-19 10:07:33";24.5;414;78;47;1001
1624065156;"2021-06-19 10:12:36";24.5;406;78;46;1000.9
1624065458;"2021-06-19 10:17:38";24.5;426;78;47;1000.9
1624065761;"2021-06-19 10:22:41";24.5;426;78;45;1001
1624066063;"2021-06-19 10:27:43";24.5;422;78;47;1001
1624066366;"2021-06-19 10:32:46";24.5;414;78;46;1001
1624066669;"2021-06-19 10:37:49";24.6;422;78;46;1001
1624066971;"2021-06-19 10:42:51";24.6;415;78;46;1001
1624067274;"2021-06-19 10:47:54";24.6;412;78;46;1001
1624067577;"2021-06-19 10:52:57";24.6;422;78;49;1001
1624067880;"2021-06-19 10:58:00";24.7;422;78;49;1001
1624068182;"2021-06-19 11:03:02";24.7;408;78;49;1000.9
1624068485;"2021-06-19 11:08:05";24.7;430;78;47;1000.9
1624068787;"2021-06-19 11:13:07";24.7;422;78;46;1001
1624069090;"2021-06-19 11:18:10";24.8;422;78;48;1000.9
1624069392;"2021-06-19 11:23:12";24.8;412;78;47;1000.9
1624069695;"2021-06-19 11:28:15";24.8;427;78;46;1000.8
1624069997;"2021-06-19 11:33:17";24.9;441;78;47;1000.8
1624070300;"2021-06-19 11:38:20";24.9;425;78;47;1000.7
1624070602;"2021-06-19 11:43:22";24.9;412;78;46;1000.6
1624070905;"2021-06-19 11:48:25";24.9;427;78;46;1000.6
1624071207;"2021-06-19 11:53:27";24.9;434;78;45;1000.5
1624071510;"2021-06-19 11:58:30";24.9;426;78;45;1000.4
1624071813;"2021-06-19 12:03:33";24.9;407;78;45;1000.4
1624072115;"2021-06-19 12:08:35";24.9;408;78;45;1000.4
1624072418;"2021-06-19 12:13:38";24.9;412;78;46;1000.5
1624072720;"2021-06-19 12:18:40";25;422;78;46;1000.4
1624073023;"2021-06-19 12:23:43";25;405;78;48;1000.4
1624073072;"2021-06-19 12:24:32";25;422;78;46;1000.4
1624073374;"2021-06-19 12:29:34";25;405;78;45;1000.3
1624073677;"2021-06-19 12:34:37";25;422;78;49;1000.3
1624073979;"2021-06-19 12:39:39";25;415;78;44;1000.3
1624074282;"2021-06-19 12:44:42";25;396;78;48;1000.3
1624074584;"2021-06-19 12:49:44";25.1;435;77;48;1000.1
1624074886;"2021-06-19 12:54:46";25.1;438;77;44;1000.1
1624075189;"2021-06-19 12:59:49";25.1;420;77;44;1000
1624075491;"2021-06-19 13:04:51";25.1;438;77;44;1000
1624075793;"2021-06-19 13:09:53";25.1;416;77;44;1000
1624076096;"2021-06-19 13:14:56";25.1;423;77;44;999.9
1624076399;"2021-06-19 13:19:59";25.1;416;77;44;999.9
1624076701;"2021-06-19 13:25:01";25.1;400;77;44;999.8
1624077004;"2021-06-19 13:30:04";25.1;404;77;44;999.8
1624077306;"2021-06-19 13:35:06";25.2;416;77;44;999.9
1624077609;"2021-06-19 13:40:09";25.2;396;77;44;999.8
1624077911;"2021-06-19 13:45:11";25.2;409;77;44;999.9
1624078214;"2021-06-19 13:50:14";25.2;400;77;44;999.8
1624078516;"2021-06-19 13:55:16";25.2;397;77;44;999.8
1624078819;"2021-06-19 14:00:19";25.2;393;77;44;999.8
1624079121;"2021-06-19 14:05:21";25.2;383;77;44;999.8
1624079423;"2021-06-19 14:10:23";25.2;382;77;44;999.6
1624079726;"2021-06-19 14:15:26";25.2;386;77;44;999.6
1624080029;"2021-06-19 14:20:29";25.2;397;77;43;999.6
1624080331;"2021-06-19 14:25:31";25.2;396;76;43;999.7
1624080634;"2021-06-19 14:30:34";25.2;393;76;43;999.6
1624080937;"2021-06-19 14:35:37";25.2;389;76;44;999.6
1624081239;"2021-06-19 14:40:39";25.2;381;76;45;999.7
1624081542;"2021-06-19 14:45:42";25.2;404;76;48;999.7
1624081844;"2021-06-19 14:50:44";25.2;388;76;49;999.6
1624082147;"2021-06-19 14:55:47";25.2;389;76;47;999.6
1624082449;"2021-06-19 15:00:49";25.2;412;76;45;999.6
1624082752;"2021-06-19 15:05:52";25.2;423;76;44;999.7
1624083054;"2021-06-19 15:10:54";25.2;423;76;44;999.7
1624083357;"2021-06-19 15:15:57";25.2;428;76;44;999.8
1624083659;"2021-06-19 15:20:59";25.2;419;76;43;999.7
1624083962;"2021-06-19 15:26:02";25.3;408;76;44;999.8
1624084264;"2021-06-19 15:31:04";25.3;396;76;44;999.8
1624084567;"2021-06-19 15:36:07";25.3;396;76;43;999.8
1624084869;"2021-06-19 15:41:09";25.3;396;76;43;999.8
1624085171;"2021-06-19 15:46:11";25.3;396;76;43;999.8
1624085474;"2021-06-19 15:51:14";25.3;396;76;43;999.8
1624085777;"2021-06-19 15:56:17";25.3;381;76;43;999.8
1624086079;"2021-06-19 16:01:19";25.3;396;76;44;999.8
1624086382;"2021-06-19 16:06:22";25.3;377;76;43;999.9
1624086684;"2021-06-19 16:11:24";25.3;396;76;43;999.8
1624086986;"2021-06-19 16:16:26";25.3;396;76;43;999.9
1624087289;"2021-06-19 16:21:29";25.3;392;76;44;999.9
1624087592;"2021-06-19 16:26:32";25.3;389;76;44;999.9
1624087894;"2021-06-19 16:31:34";25.3;388;76;43;999.9
1624088197;"2021-06-19 16:36:37";25.4;397;76;44;999.8
1624088499;"2021-06-19 16:41:39";25.4;394;76;44;999.8
1624088802;"2021-06-19 16:46:42";25.4;384;76;44;999.8
1624089104;"2021-06-19 16:51:44";25.4;384;76;44;999.8
1624089407;"2021-06-19 16:56:47";25.4;384;76;44;999.8
1624089709;"2021-06-19 17:01:49";25.4;383;76;44;999.9
1624090012;"2021-06-19 17:06:52";25.4;390;76;43;999.9
1624090314;"2021-06-19 17:11:54";25.4;384;76;42;999.9
1624090617;"2021-06-19 17:16:57";25.4;400;76;43;1000
1624090919;"2021-06-19 17:21:59";25.4;397;75;44;1000
1624091222;"2021-06-19 17:27:02";25.4;397;75;44;1000
1624091525;"2021-06-19 17:32:05";25.4;397;75;43;1000
1624091827;"2021-06-19 17:37:07";25.4;390;75;44;1000
1624092129;"2021-06-19 17:42:09";25.4;397;75;44;1000
1624092431;"2021-06-19 17:47:11";25.4;398;75;44;1000.1
1624092734;"2021-06-19 17:52:14";25.4;375;75;44;1000.1
1624093036;"2021-06-19 17:57:16";25.5;390;75;43;1000.1
1624093339;"2021-06-19 18:02:19";25.5;398;75;43;1000.1
1624093641;"2021-06-19 18:07:21";25.5;405;75;42;1000.2
1624093944;"2021-06-19 18:12:24";25.5;397;75;43;1000.3
1624094246;"2021-06-19 18:17:26";25.5;397;75;43;1000.3
1624094549;"2021-06-19 18:22:29";25.4;384;75;43;1000.4
1624094851;"2021-06-19 18:27:31";25.5;397;75;43;1000.5
1624095154;"2021-06-19 18:32:34";25.4;382;75;44;1000.6
1624095456;"2021-06-19 18:37:36";25.4;384;75;43;1000.7
1624095759;"2021-06-19 18:42:39";25.4;397;75;43;1000.7
1624096061;"2021-06-19 18:47:41";25.4;409;75;44;1000.7
1624096364;"2021-06-19 18:52:44";25.4;394;75;44;1000.8
1624096666;"2021-06-19 18:57:46";25.4;390;75;44;1000.7
1624096969;"2021-06-19 19:02:49";25.4;405;75;44;1000.8
1624097271;"2021-06-19 19:07:51";25.4;397;75;44;1001
1624097574;"2021-06-19 19:12:54";25.4;397;75;44;1001.1
1624097876;"2021-06-19 19:17:56";25.4;409;75;43;1001.1
1624098178;"2021-06-19 19:22:58";25.4;404;75;43;1001.2
1624098481;"2021-06-19 19:28:01";25.4;404;75;44;1001.3
1624098783;"2021-06-19 19:33:03";25.3;409;75;43;1001.4
1624099086;"2021-06-19 19:38:06";25.3;404;75;43;1001.4
1624099388;"2021-06-19 19:43:08";25.3;385;75;42;1001.4
1624099691;"2021-06-19 19:48:11";25.3;415;75;42;1001.4
1624099993;"2021-06-19 19:53:13";25.3;407;75;43;1001.4
1624100296;"2021-06-19 19:58:16";25.3;393;75;43;1001.4
1624100598;"2021-06-19 20:03:18";25.3;403;75;43;1001.4
1624100901;"2021-06-19 20:08:21";25.3;388;75;43;1001.5
1624101203;"2021-06-19 20:13:23";25.3;389;75;43;1001.5
1624101506;"2021-06-19 20:18:26";25.2;396;74;43;1001.5
1624101808;"2021-06-19 20:23:28";25.2;381;74;43;1001.6
1624102111;"2021-06-19 20:28:31";25.2;383;73;44;1001.8
1624102414;"2021-06-19 20:33:34";25.1;377;73;43;1001.8
1624102716;"2021-06-19 20:38:36";25.1;396;72;43;1001.9
1624103018;"2021-06-19 20:43:38";25.1;389;72;41;1001.9
1624103321;"2021-06-19 20:48:41";25;403;71;42;1002
1624103623;"2021-06-19 20:53:43";25;392;71;42;1002
1624103926;"2021-06-19 20:58:46";25;389;71;43;1002.1
1624104229;"2021-06-19 21:03:49";25;399;71;43;1002.2
1624104531;"2021-06-19 21:08:51";25;382;70;43;1002.2
1624104833;"2021-06-19 21:13:53";25;403;70;43;1002.2
1624105136;"2021-06-19 21:18:56";25;388;70;43;1002.3
1624105439;"2021-06-19 21:23:59";25;382;70;43;1002.3
1624105741;"2021-06-19 21:29:01";25;388;70;43;1002.4
1624106044;"2021-06-19 21:34:04";25;391;70;43;1002.4
1624106346;"2021-06-19 21:39:06";25;380;70;42;1002.4
1624106649;"2021-06-19 21:44:09";25;387;69;41;1002.5
1624106951;"2021-06-19 21:49:11";25;382;69;42;1002.5
1624107254;"2021-06-19 21:54:14";25;398;69;42;1002.6
1624107556;"2021-06-19 21:59:16";25;380;69;43;1002.6
1624107859;"2021-06-19 22:04:19";24.9;367;69;43;1002.6
1624108161;"2021-06-19 22:09:21";24.9;387;69;43;1002.7
1624108464;"2021-06-19 22:14:24";24.9;382;69;43;1002.7
1624108766;"2021-06-19 22:19:26";24.9;382;69;42;1002.8
1624109069;"2021-06-19 22:24:29";24.9;402;69;43;1002.8
1624109371;"2021-06-19 22:29:31";24.9;388;68;43;1002.8
1624109674;"2021-06-19 22:34:34";24.9;382;68;41;1002.8
1624109976;"2021-06-19 22:39:36";24.9;387;68;41;1002.9
1624110279;"2021-06-19 22:44:39";24.9;391;68;42;1002.9
1624110581;"2021-06-19 22:49:41";24.9;388;68;43;1002.8
1624110884;"2021-06-19 22:54:44";24.9;388;68;43;1002.9
1624111187;"2021-06-19 22:59:47";24.9;380;68;43;1002.8
1624111489;"2021-06-19 23:04:49";24.9;382;68;42;1002.8
1624111792;"2021-06-19 23:09:52";24.9;388;68;42;1002.8
1624112094;"2021-06-19 23:14:54";24.8;398;68;42;1002.8
1624112397;"2021-06-19 23:19:57";24.8;387;68;42;1002.8
1624112698;"2021-06-19 23:24:58";24.8;392;68;41;1002.7
1624113001;"2021-06-19 23:30:01";24.8;391;68;41;1002.8
1624113303;"2021-06-19 23:35:03";24.8;399;68;41;1002.7
1624113606;"2021-06-19 23:40:06";24.8;395;68;42;1002.6
1624113908;"2021-06-19 23:45:08";24.8;388;68;42;1002.6
1624114211;"2021-06-19 23:50:11";24.8;395;68;42;1002.6
1624114513;"2021-06-19 23:55:13";24.8;396;68;43;1002.6
1624114816;"2021-06-20 00:00:16";24.8;388;68;43;1002.6
1624115118;"2021-06-20 00:05:18";24.8;382;68;43;1002.7
1624115421;"2021-06-20 00:10:21";24.7;399;68;42;1002.6
1624115723;"2021-06-20 00:15:23";24.7;376;68;42;1002.6
1624116025;"2021-06-20 00:20:25";24.7;382;68;40;1002.6
1624116328;"2021-06-20 00:25:28";24.7;387;68;41;1002.5
1624116630;"2021-06-20 00:30:30";24.7;380;68;41;1002.5
1624116933;"2021-06-20 00:35:33";24.7;387;68;42;1002.5
1624117235;"2021-06-20 00:40:35";24.7;388;67;42;1002.6
1624117538;"2021-06-20 00:45:38";24.7;392;67;42;1002.5
1624117840;"2021-06-20 00:50:40";24.7;396;67;42;1002.4
1624118143;"2021-06-20 00:55:43";24.7;402;67;43;1002.5
1624118445;"2021-06-20 01:00:45";24.6;395;67;42;1002.4
1624118748;"2021-06-20 01:05:48";24.6;404;67;43;1002.3
1624119050;"2021-06-20 01:10:50";24.6;402;67;41;1002.3
1624119353;"2021-06-20 01:15:53";24.6;402;67;41;1002.4
1624119655;"2021-06-20 01:20:55";24.6;403;67;41;1002.5
