"Timestamp";"DateTime";"Temperature";"Humidity"
1623645291;"2021-06-14 13:34:51";29.4;63
1623645592;"2021-06-14 13:39:52";30.4;61
1623645849;"2021-06-14 13:44:09";30.1;58
1623645951;"2021-06-14 13:45:51";30;57
1623646054;"2021-06-14 13:47:34";29.9;58
1623646404;"2021-06-14 13:53:24";30;58
1623646711;"2021-06-14 13:58:31";30.1;58
1623647019;"2021-06-14 14:03:39";30.2;57
1623647327;"2021-06-14 14:08:47";30.8;56
1623647634;"2021-06-14 14:13:54";30.8;55
1623647891;"2021-06-14 14:18:11";30.3;56
1623648198;"2021-06-14 14:23:18";29.9;56
1623648506;"2021-06-14 14:28:26";29.6;58
1623648813;"2021-06-14 14:33:33";29.6;58
1623649121;"2021-06-14 14:38:41";29.4;58
1623649429;"2021-06-14 14:43:49";29.6;58
1623649736;"2021-06-14 14:48:56";29.9;56
1623650044;"2021-06-14 14:54:04";29.8;56
1623650352;"2021-06-14 14:59:12";29.7;57
1623650659;"2021-06-14 15:04:19";29.8;56
1623650762;"2021-06-14 15:06:02";29.8;56
1623655100;"2021-06-14 16:18:20";30.1;57
1623655357;"2021-06-14 16:22:37";29.7;55
1623655664;"2021-06-14 16:27:44";29.3;55
1623655972;"2021-06-14 16:32:52";28.9;56
1623656280;"2021-06-14 16:38:00";28.6;57
1623656587;"2021-06-14 16:43:07";28.3;58
1623656895;"2021-06-14 16:48:15";28.2;59
1623657202;"2021-06-14 16:53:22";28.1;60
1623657510;"2021-06-14 16:58:30";28;60
1623657818;"2021-06-14 17:03:38";28;60
1623658074;"2021-06-14 17:07:54";27.9;61
1623658382;"2021-06-14 17:13:02";27.9;62
1623658689;"2021-06-14 17:18:09";28.1;63
1623658997;"2021-06-14 17:23:17";28.5;64
1623659304;"2021-06-14 17:28:24";28.9;64
1623659612;"2021-06-14 17:33:32";29.4;62
1623659920;"2021-06-14 17:38:40";29.7;61
1623660227;"2021-06-14 17:43:47";29.9;61
1623660535;"2021-06-14 17:48:55";30.1;60
1623660791;"2021-06-14 17:53:11";30.1;60
1623661099;"2021-06-14 17:58:19";30;60
1623661407;"2021-06-14 18:03:27";29.8;59
1623661714;"2021-06-14 18:08:34";29.4;60
1623662022;"2021-06-14 18:13:42";29.1;57
1623662329;"2021-06-14 18:18:49";28.8;57
1623662637;"2021-06-14 18:23:57";28.6;59
1623662945;"2021-06-14 18:29:05";28.5;60
1623663252;"2021-06-14 18:34:12";28.4;60
1623663560;"2021-06-14 18:39:20";28.4;61
1623663867;"2021-06-14 18:44:27";28.4;61
1623664124;"2021-06-14 18:48:44";28.4;62
1623664431;"2021-06-14 18:53:51";28.1;58
1623664739;"2021-06-14 18:58:59";27.8;62
1623665047;"2021-06-14 19:04:07";28.1;66
1623665354;"2021-06-14 19:09:14";29.2;61
1623665662;"2021-06-14 19:14:22";28.9;61
1623665970;"2021-06-14 19:19:30";28.7;61
1623666277;"2021-06-14 19:24:37";28.5;61
1623666585;"2021-06-14 19:29:45";28.3;61
1623666892;"2021-06-14 19:34:52";28.1;62
1623667149;"2021-06-14 19:39:09";28;62
1623667456;"2021-06-14 19:44:16";27.8;62
1623667764;"2021-06-14 19:49:24";27.7;63
1623668072;"2021-06-14 19:54:32";27.5;63
1623668379;"2021-06-14 19:59:39";27.4;63
1623668687;"2021-06-14 20:04:47";27.3;63
1623668994;"2021-06-14 20:09:54";27.2;64
1623669302;"2021-06-14 20:15:02";27.1;64
1623669610;"2021-06-14 20:20:10";27;64
1623669917;"2021-06-14 20:25:17";26.9;64
1623670174;"2021-06-14 20:29:34";26.8;64
1623670481;"2021-06-14 20:34:41";26.7;65
1623670789;"2021-06-14 20:39:49";26.7;65
1623671096;"2021-06-14 20:44:56";26.6;66
1623671404;"2021-06-14 20:50:04";26.5;66
1623671712;"2021-06-14 20:55:12";26.4;66
1623672019;"2021-06-14 21:00:19";26.3;66
1623672327;"2021-06-14 21:05:27";26.3;66
1623672635;"2021-06-14 21:10:35";26.2;67
1623672942;"2021-06-14 21:15:42";26.1;66
1623673199;"2021-06-14 21:19:59";26.1;66
1623673506;"2021-06-14 21:25:06";26;66
1623673814;"2021-06-14 21:30:14";26;67
1623674121;"2021-06-14 21:35:21";25.9;67
1623674429;"2021-06-14 21:40:29";25.9;68
1623674737;"2021-06-14 21:45:37";25.8;68
1623675044;"2021-06-14 21:50:44";25.8;68
1623675352;"2021-06-14 21:55:52";25.8;68
1623675659;"2021-06-14 22:00:59";25.7;68
1623675916;"2021-06-14 22:05:16";25.7;68
1623676223;"2021-06-14 22:10:23";25.7;68
1623676531;"2021-06-14 22:15:31";25.7;68
1623676839;"2021-06-14 22:20:39";25.6;68
1623677146;"2021-06-14 22:25:46";25.6;68
1623677454;"2021-06-14 22:30:54";25.5;68
1623677768;"2021-06-14 22:36:08";25.7;67
1623678076;"2021-06-14 22:41:16";25.6;67
1623678383;"2021-06-14 22:46:23";25.5;68
1623678640;"2021-06-14 22:50:40";25.5;68
1623678947;"2021-06-14 22:55:47";25.4;68
1623679255;"2021-06-14 23:00:55";25.4;68
1623679562;"2021-06-14 23:06:02";25.4;68
1623679870;"2021-06-14 23:11:10";25.3;68
1623680178;"2021-06-14 23:16:18";25.3;69
1623680485;"2021-06-14 23:21:25";25.3;68
1623680793;"2021-06-14 23:26:33";25.2;69
1623681100;"2021-06-14 23:31:40";25.2;69
1623681408;"2021-06-14 23:36:48";25.1;69
1623681664;"2021-06-14 23:41:04";25.1;69
1623681972;"2021-06-14 23:46:12";25.1;69
1623682280;"2021-06-14 23:51:20";25;69
1623682587;"2021-06-14 23:56:27";25;69
1623682895;"2021-06-15 00:01:35";25;70
1623683203;"2021-06-15 00:06:43";24.9;70
1623683510;"2021-06-15 00:11:50";24.9;70
1623683818;"2021-06-15 00:16:58";24.9;70
1623684125;"2021-06-15 00:22:05";24.8;70
1623684433;"2021-06-15 00:27:13";24.8;70
1623684689;"2021-06-15 00:31:29";24.8;70
1623684997;"2021-06-15 00:36:37";24.7;70
1623685305;"2021-06-15 00:41:45";24.7;70
1623685612;"2021-06-15 00:46:52";24.6;70
1623685920;"2021-06-15 00:52:00";24.6;71
1623686227;"2021-06-15 00:57:07";24.6;71
1623686535;"2021-06-15 01:02:15";24.6;72
1623686843;"2021-06-15 01:07:23";24.5;71
1623687150;"2021-06-15 01:12:30";24.5;72
1623687458;"2021-06-15 01:17:38";24.5;71
1623687714;"2021-06-15 01:21:54";24.5;71
1623688022;"2021-06-15 01:27:02";24.4;72
1623688329;"2021-06-15 01:32:09";24.4;72
1623688637;"2021-06-15 01:37:17";24.4;72
1623688945;"2021-06-15 01:42:25";24.4;72
1623689252;"2021-06-15 01:47:32";24.3;72
1623689560;"2021-06-15 01:52:40";24.3;73
1623689869;"2021-06-15 01:57:49";24.3;73
1623690176;"2021-06-15 02:02:56";24.3;73
1623690433;"2021-06-15 02:07:13";24.3;73
1623690740;"2021-06-15 02:12:20";24.2;73
1623691048;"2021-06-15 02:17:28";24.2;73
1623691355;"2021-06-15 02:22:35";24.2;73
1623691663;"2021-06-15 02:27:43";24.2;73
1623691971;"2021-06-15 02:32:51";24.1;73
1623692278;"2021-06-15 02:37:58";24.1;73
1623692586;"2021-06-15 02:43:06";24;73
1623692893;"2021-06-15 02:48:13";24;73
1623693201;"2021-06-15 02:53:21";24;73
1623693457;"2021-06-15 02:57:37";24;73
1623693765;"2021-06-15 03:02:45";23.9;72
1623694073;"2021-06-15 03:07:53";23.9;72
1623694380;"2021-06-15 03:13:00";23.8;73
1623694688;"2021-06-15 03:18:08";23.8;73
1623694995;"2021-06-15 03:23:15";23.8;74
1623695303;"2021-06-15 03:28:23";23.8;74
1623695611;"2021-06-15 03:33:31";23.7;74
1623695918;"2021-06-15 03:38:38";23.7;74
1623696226;"2021-06-15 03:43:46";23.7;73
1623696482;"2021-06-15 03:48:02";23.7;74
1623696790;"2021-06-15 03:53:10";23.7;73
1623697098;"2021-06-15 03:58:18";23.6;73
1623697405;"2021-06-15 04:03:25";23.6;74
1623697713;"2021-06-15 04:08:33";23.6;74
1623698020;"2021-06-15 04:13:40";23.6;74
1623698328;"2021-06-15 04:18:48";23.6;74
1623698636;"2021-06-15 04:23:56";23.5;75
1623698943;"2021-06-15 04:29:03";23.5;75
1623699251;"2021-06-15 04:34:11";23.5;75
1623699507;"2021-06-15 04:38:27";23.5;75
1623699815;"2021-06-15 04:43:35";23.4;75
1623700122;"2021-06-15 04:48:42";23.4;75
1623700430;"2021-06-15 04:53:50";23.4;75
1623700738;"2021-06-15 04:58:58";23.4;76
1623701045;"2021-06-15 05:04:05";23.4;75
1623701353;"2021-06-15 05:09:13";23.4;76
1623701661;"2021-06-15 05:14:21";23.3;75
1623701968;"2021-06-15 05:19:28";23.3;75
1623702224;"2021-06-15 05:23:44";23.3;74
1623702532;"2021-06-15 05:28:52";23.3;74
1623702840;"2021-06-15 05:34:00";23.4;74
1623703147;"2021-06-15 05:39:07";23.4;74
1623703455;"2021-06-15 05:44:15";23.4;74
1623703763;"2021-06-15 05:49:23";23.4;75
1623704070;"2021-06-15 05:54:30";23.5;75
1623704378;"2021-06-15 05:59:38";23.5;74
1623704685;"2021-06-15 06:04:45";23.5;75
1623704993;"2021-06-15 06:09:53";23.6;75
1623705249;"2021-06-15 06:14:09";23.6;75
1623705557;"2021-06-15 06:19:17";23.6;75
1623705865;"2021-06-15 06:24:25";23.7;75
1623706172;"2021-06-15 06:29:32";23.7;74
1623706480;"2021-06-15 06:34:40";23.8;75
1623706787;"2021-06-15 06:39:47";23.8;75
1623707095;"2021-06-15 06:44:55";23.9;75
1623707403;"2021-06-15 06:50:03";23.9;74
1623707710;"2021-06-15 06:55:10";24;74
1623708018;"2021-06-15 07:00:18";24.1;74
1623708274;"2021-06-15 07:04:34";24.1;74
1623708582;"2021-06-15 07:09:42";24.2;74
1623708890;"2021-06-15 07:14:50";24.3;74
1623709197;"2021-06-15 07:19:57";24.4;74
1623709505;"2021-06-15 07:25:05";24.5;73
1623709812;"2021-06-15 07:30:12";24.5;73
1623710120;"2021-06-15 07:35:20";24.6;73
1623710428;"2021-06-15 07:40:28";24.7;73
1623710735;"2021-06-15 07:45:35";24.8;73
1623711043;"2021-06-15 07:50:43";24.9;73
1623711299;"2021-06-15 07:54:59";25;73
1623711607;"2021-06-15 08:00:07";25.1;72
1623711914;"2021-06-15 08:05:14";25.2;72
1623712222;"2021-06-15 08:10:22";25.3;72
1623712530;"2021-06-15 08:15:30";25.4;72
1623712837;"2021-06-15 08:20:37";25.5;72
1623713145;"2021-06-15 08:25:45";25.6;71
1623713453;"2021-06-15 08:30:53";25.7;71
1623713760;"2021-06-15 08:36:00";25.9;71
1623714016;"2021-06-15 08:40:16";26;71
1623714324;"2021-06-15 08:45:24";26.1;70
1623714633;"2021-06-15 08:50:33";26.2;70
1623714940;"2021-06-15 08:55:40";26.3;69
1623715248;"2021-06-15 09:00:48";26.4;68
1623715556;"2021-06-15 09:05:56";26.5;68
1623715863;"2021-06-15 09:11:03";26.6;68
1623716171;"2021-06-15 09:16:11";26.6;67
1623716478;"2021-06-15 09:21:18";26.6;67
1623716786;"2021-06-15 09:26:26";26.7;67
1623717042;"2021-06-15 09:30:42";26.7;67
1623717350;"2021-06-15 09:35:50";26.8;67
1623717658;"2021-06-15 09:40:58";26.9;67
1623717965;"2021-06-15 09:46:05";26.9;67
1623718273;"2021-06-15 09:51:13";27;67
1623718580;"2021-06-15 09:56:20";27.1;66
1623718888;"2021-06-15 10:01:28";27.2;66
1623719196;"2021-06-15 10:06:36";27.2;66
1623719503;"2021-06-15 10:11:43";27.3;66
1623719811;"2021-06-15 10:16:51";27.4;65
1623720067;"2021-06-15 10:21:07";27.5;65
1623720375;"2021-06-15 10:26:15";27.6;65
1623720683;"2021-06-15 10:31:23";27.7;65
1623720990;"2021-06-15 10:36:30";27.8;64
1623721298;"2021-06-15 10:41:38";27.9;64
1623721605;"2021-06-15 10:46:45";27.9;63
1623721913;"2021-06-15 10:51:53";28;63
1623722221;"2021-06-15 10:57:01";28;63
1623722528;"2021-06-15 11:02:08";28.1;62
1623722785;"2021-06-15 11:06:25";28.1;62
1623723092;"2021-06-15 11:11:32";28.2;62
1623723400;"2021-06-15 11:16:40";28.2;62
1623723707;"2021-06-15 11:21:47";28.3;62
1623724015;"2021-06-15 11:26:55";28.4;62
1623724323;"2021-06-15 11:32:03";28.4;61
1623724630;"2021-06-15 11:37:10";28.5;62
1623724938;"2021-06-15 11:42:18";28.6;62
1623725246;"2021-06-15 11:47:26";28.7;61
1623725553;"2021-06-15 11:52:33";28.8;61
1623725861;"2021-06-15 11:57:41";28.8;61
1623726117;"2021-06-15 12:01:57";28.9;60
1623726425;"2021-06-15 12:07:05";28.9;60
1623726732;"2021-06-15 12:12:12";29;61
1623727040;"2021-06-15 12:17:20";29.1;61
1623727348;"2021-06-15 12:22:28";29.2;61
1623727655;"2021-06-15 12:27:35";29.3;60
1623727963;"2021-06-15 12:32:43";29.3;59
1623728270;"2021-06-15 12:37:50";29.4;58
1623728578;"2021-06-15 12:42:58";29.4;59
1623728886;"2021-06-15 12:48:06";29.4;58
1623729142;"2021-06-15 12:52:22";29.4;58
1623729450;"2021-06-15 12:57:30";29.4;58
1623729757;"2021-06-15 13:02:37";29.4;58
1623730065;"2021-06-15 13:07:45";29.4;57
1623730372;"2021-06-15 13:12:52";29.3;57
1623730680;"2021-06-15 13:18:00";29.3;57
1623730988;"2021-06-15 13:23:08";29.2;57
1623731295;"2021-06-15 13:28:15";29.2;58
1623731603;"2021-06-15 13:33:23";29.2;58
1623731911;"2021-06-15 13:38:31";29.2;59
1623732167;"2021-06-15 13:42:47";29.2;59
1623732475;"2021-06-15 13:47:55";29.3;59
1623732782;"2021-06-15 13:53:02";29.3;59
1623733090;"2021-06-15 13:58:10";29.3;59
1623733397;"2021-06-15 14:03:17";29.3;59
1623733705;"2021-06-15 14:08:25";29.3;58
1623734013;"2021-06-15 14:13:33";29.2;58
1623734320;"2021-06-15 14:18:40";29.2;59
1623734628;"2021-06-15 14:23:48";29.1;59
1623734935;"2021-06-15 14:28:55";29.1;59
1623735192;"2021-06-15 14:33:12";29.1;59
1623735499;"2021-06-15 14:38:19";29.1;59
1623735807;"2021-06-15 14:43:27";29;59
1623736115;"2021-06-15 14:48:35";28.9;59
1623736422;"2021-06-15 14:53:42";28.8;59
1623736730;"2021-06-15 14:58:50";28.7;60
1623737038;"2021-06-15 15:03:58";28.6;60
1623737345;"2021-06-15 15:09:05";28.5;60
1623737653;"2021-06-15 15:14:13";28.4;61
1623737909;"2021-06-15 15:18:29";28.4;61
1623738217;"2021-06-15 15:23:37";28.3;61
1623738473;"2021-06-15 15:27:53";28.3;61
1623738781;"2021-06-15 15:33:01";28.3;61
1623739088;"2021-06-15 15:38:08";28.2;61
1623739396;"2021-06-15 15:43:16";28.1;62
1623739704;"2021-06-15 15:48:24";28;62
1623739960;"2021-06-15 15:52:40";28;62
1623740319;"2021-06-15 15:58:39";27.9;62
1623740626;"2021-06-15 16:03:46";27.8;62
1623740934;"2021-06-15 16:08:54";27.8;62
1623741242;"2021-06-15 16:14:02";27.7;62
1623741549;"2021-06-15 16:19:09";27.7;62
1623741806;"2021-06-15 16:23:26";27.6;62
1623742062;"2021-06-15 16:27:42";27.6;63
1623742421;"2021-06-15 16:33:41";27.6;63
1623742727;"2021-06-15 16:38:47";27.5;63
1623743035;"2021-06-15 16:43:55";27.5;63
1623743343;"2021-06-15 16:49:03";27.4;63
1623743650;"2021-06-15 16:54:10";27.4;63
1623743958;"2021-06-15 16:59:18";27.3;63
1623744266;"2021-06-15 17:04:26";27.3;62
1623744522;"2021-06-15 17:08:42";27.2;63
1623744829;"2021-06-15 17:13:49";27.1;63
1623745137;"2021-06-15 17:18:57";27.1;63
1623745445;"2021-06-15 17:24:05";27;63
1623745752;"2021-06-15 17:29:12";27;63
1623746060;"2021-06-15 17:34:20";26.9;63
1623746368;"2021-06-15 17:39:28";26.9;63
1623746675;"2021-06-15 17:44:35";26.9;63
1623746983;"2021-06-15 17:49:43";26.8;63
1623747290;"2021-06-15 17:54:50";26.8;63
1623747598;"2021-06-15 17:59:58";26.8;63
1623747854;"2021-06-15 18:04:14";26.7;63
1623748162;"2021-06-15 18:09:22";26.7;64
1623748418;"2021-06-15 18:13:38";26.7;64
1623748777;"2021-06-15 18:19:37";26.6;64
1623749085;"2021-06-15 18:24:45";26.6;64
1623749392;"2021-06-15 18:29:52";26.6;64
1623749700;"2021-06-15 18:35:00";26.5;64
1623750008;"2021-06-15 18:40:08";26.5;64
1623750315;"2021-06-15 18:45:15";26.5;64
1623750623;"2021-06-15 18:50:23";26.4;65
1623750879;"2021-06-15 18:54:39";26.4;65
1623751187;"2021-06-15 18:59:47";26.3;65
1623751495;"2021-06-15 19:04:55";26.3;65
1623751802;"2021-06-15 19:10:02";26.2;65
1623752110;"2021-06-15 19:15:10";26.2;65
1623752417;"2021-06-15 19:20:17";26.1;65
1623752725;"2021-06-15 19:25:25";26.1;65
1623753033;"2021-06-15 19:30:33";26;65
1623753340;"2021-06-15 19:35:40";26;65
1623753598;"2021-06-15 19:39:58";26;65
1623753905;"2021-06-15 19:45:05";26;65
1623754213;"2021-06-15 19:50:13";25.9;65
1623754520;"2021-06-15 19:55:20";25.9;65
1623754828;"2021-06-15 20:00:28";25.9;65
1623755136;"2021-06-15 20:05:36";25.8;65
1623755443;"2021-06-15 20:10:43";25.8;65
1623755751;"2021-06-15 20:15:51";25.8;65
1623756059;"2021-06-15 20:20:59";25.7;65
1623756366;"2021-06-15 20:26:06";25.7;65
1623756622;"2021-06-15 20:30:22";25.7;65
1623756930;"2021-06-15 20:35:30";25.7;65
1623757238;"2021-06-15 20:40:38";25.6;66
1623757545;"2021-06-15 20:45:45";25.6;66
1623757853;"2021-06-15 20:50:53";25.6;66
1623758161;"2021-06-15 20:56:01";25.6;66
1623758468;"2021-06-15 21:01:08";25.6;66
1623758776;"2021-06-15 21:06:16";25.5;66
1623759083;"2021-06-15 21:11:23";25.5;66
1623759391;"2021-06-15 21:16:31";25.5;66
1623759647;"2021-06-15 21:20:47";25.4;66
1623759955;"2021-06-15 21:25:55";25.4;66
1623760263;"2021-06-15 21:31:03";25.4;67
1623760570;"2021-06-15 21:36:10";25.4;67
1623760878;"2021-06-15 21:41:18";25.3;67
1623761185;"2021-06-15 21:46:25";25.3;66
1623761493;"2021-06-15 21:51:33";25.3;67
1623761801;"2021-06-15 21:56:41";25.2;67
1623762108;"2021-06-15 22:01:48";25.2;67
1623762416;"2021-06-15 22:06:56";25.2;67
1623762672;"2021-06-15 22:11:12";25.2;67
1623762980;"2021-06-15 22:16:20";25.2;67
1623763288;"2021-06-15 22:21:28";25.1;67
1623763595;"2021-06-15 22:26:35";25.1;67
1623763903;"2021-06-15 22:31:43";25.1;67
1623764210;"2021-06-15 22:36:50";25.1;67
1623764518;"2021-06-15 22:41:58";25;67
1623764826;"2021-06-15 22:47:06";25;68
1623765133;"2021-06-15 22:52:13";25;68
1623765441;"2021-06-15 22:57:21";25;68
1623765697;"2021-06-15 23:01:37";24.9;68
1623766005;"2021-06-15 23:06:45";24.9;68
1623766312;"2021-06-15 23:11:52";24.9;68
1623766620;"2021-06-15 23:17:00";24.8;68
1623766928;"2021-06-15 23:22:08";24.8;68
1623767235;"2021-06-15 23:27:15";24.8;69
1623767543;"2021-06-15 23:32:23";24.7;69
1623767850;"2021-06-15 23:37:30";24.7;69
1623768158;"2021-06-15 23:42:38";24.6;69
1623768414;"2021-06-15 23:46:54";24.6;69
1623768722;"2021-06-15 23:52:02";24.6;69
1623769030;"2021-06-15 23:57:10";24.5;69
1623769337;"2021-06-16 00:02:17";24.5;69
1623769645;"2021-06-16 00:07:25";24.5;70
1623769953;"2021-06-16 00:12:33";24.5;70
1623770260;"2021-06-16 00:17:40";24.5;70
1623770568;"2021-06-16 00:22:48";24.4;70
1623770875;"2021-06-16 00:27:55";24.4;70
1623771183;"2021-06-16 00:33:03";24.4;70
1623771439;"2021-06-16 00:37:19";24.4;70
1623771747;"2021-06-16 00:42:27";24.3;70
1623772055;"2021-06-16 00:47:35";24.3;70
1623772362;"2021-06-16 00:52:42";24.3;70
1623772670;"2021-06-16 00:57:50";24.3;70
1623772977;"2021-06-16 01:02:57";24.3;70
1623773285;"2021-06-16 01:08:05";24.3;70
1623773593;"2021-06-16 01:13:13";24.2;70
1623773900;"2021-06-16 01:18:20";24.2;70
1623774208;"2021-06-16 01:23:28";24.1;70
1623774464;"2021-06-16 01:27:44";24.1;71
1623774772;"2021-06-16 01:32:52";24.1;71
1623775080;"2021-06-16 01:38:00";24;70
1623775387;"2021-06-16 01:43:07";24;70
1623775695;"2021-06-16 01:48:15";23.9;71
1623776002;"2021-06-16 01:53:22";23.9;71
1623776310;"2021-06-16 01:58:30";23.8;71
1623776618;"2021-06-16 02:03:38";23.8;71
1623776925;"2021-06-16 02:08:45";23.7;71
1623777233;"2021-06-16 02:13:53";23.7;71
1623777489;"2021-06-16 02:18:09";23.6;71
1623777797;"2021-06-16 02:23:17";23.6;71
1623778104;"2021-06-16 02:28:24";23.5;72
1623778412;"2021-06-16 02:33:32";23.5;72
1623778720;"2021-06-16 02:38:40";23.4;72
1623779027;"2021-06-16 02:43:47";23.4;72
1623779335;"2021-06-16 02:48:55";23.4;72
1623779642;"2021-06-16 02:54:02";23.3;72
1623779950;"2021-06-16 02:59:10";23.3;72
1623780258;"2021-06-16 03:04:18";23.2;73
1623780514;"2021-06-16 03:08:34";23.2;73
1623780822;"2021-06-16 03:13:42";23.2;73
1623781129;"2021-06-16 03:18:49";23.2;73
1623781437;"2021-06-16 03:23:57";23.2;73
1623781745;"2021-06-16 03:29:05";23.1;73
1623782052;"2021-06-16 03:34:12";23.1;73
1623782360;"2021-06-16 03:39:20";23.1;73
1623782667;"2021-06-16 03:44:27";23.1;74
1623782975;"2021-06-16 03:49:35";23.1;73
1623783283;"2021-06-16 03:54:43";23.1;74
1623783539;"2021-06-16 03:58:59";23.1;74
1623783847;"2021-06-16 04:04:07";23.1;74
1623784154;"2021-06-16 04:09:14";23.1;74
1623784462;"2021-06-16 04:14:22";23.1;74
1623784769;"2021-06-16 04:19:29";23.1;74
1623785077;"2021-06-16 04:24:37";23.1;74
1623785385;"2021-06-16 04:29:45";23.1;74
1623785692;"2021-06-16 04:34:52";23.1;74
1623786000;"2021-06-16 04:40:00";23.1;74
1623786256;"2021-06-16 04:44:16";23.1;74
1623786564;"2021-06-16 04:49:24";23.1;74
1623786871;"2021-06-16 04:54:31";23.1;74
1623787179;"2021-06-16 04:59:39";23.1;74
1623787487;"2021-06-16 05:04:47";23.1;74
1623787794;"2021-06-16 05:09:54";23.1;74
1623788102;"2021-06-16 05:15:02";23.1;75
1623788410;"2021-06-16 05:20:10";23.1;75
1623788717;"2021-06-16 05:25:17";23.1;75
1623789025;"2021-06-16 05:30:25";23.1;75
1623789281;"2021-06-16 05:34:41";23;75
1623789589;"2021-06-16 05:39:49";23;75
1623789896;"2021-06-16 05:44:56";23;75
1623790204;"2021-06-16 05:50:04";22.9;75
1623790512;"2021-06-16 05:55:12";22.9;75
1623790819;"2021-06-16 06:00:19";22.9;75
1623791127;"2021-06-16 06:05:27";22.9;75
1623791434;"2021-06-16 06:10:34";22.8;75
1623791742;"2021-06-16 06:15:42";22.8;75
1623792050;"2021-06-16 06:20:50";22.8;76
1623792306;"2021-06-16 06:25:06";22.8;75
1623792614;"2021-06-16 06:30:14";22.7;75
1623792921;"2021-06-16 06:35:21";22.7;75
1623793229;"2021-06-16 06:40:29";22.7;75
1623793537;"2021-06-16 06:45:37";22.7;75
1623793844;"2021-06-16 06:50:44";22.7;75
1623794152;"2021-06-16 06:55:52";22.7;75
1623794459;"2021-06-16 07:00:59";22.7;77
1623794767;"2021-06-16 07:06:07";22.6;76
1623795075;"2021-06-16 07:11:15";22.6;76
1623795331;"2021-06-16 07:15:31";22.6;76
1623795639;"2021-06-16 07:20:39";22.6;76
1623795946;"2021-06-16 07:25:46";22.5;76
1623796254;"2021-06-16 07:30:54";22.5;76
1623796561;"2021-06-16 07:36:01";22.5;76
1623796869;"2021-06-16 07:41:09";22.5;76
1623797177;"2021-06-16 07:46:17";22.4;76
1623797484;"2021-06-16 07:51:24";22.4;76
1623797792;"2021-06-16 07:56:32";22.4;76
1623798100;"2021-06-16 08:01:40";22.4;76
1623798356;"2021-06-16 08:05:56";22.4;76
1623798663;"2021-06-16 08:11:03";22.4;76
1623798971;"2021-06-16 08:16:11";22.4;76
1623799279;"2021-06-16 08:21:19";22.4;76
1623799586;"2021-06-16 08:26:26";22.4;76
1623799894;"2021-06-16 08:31:34";22.4;76
1623800202;"2021-06-16 08:36:42";22.4;76
1623800509;"2021-06-16 08:41:49";22.4;75
1623800817;"2021-06-16 08:46:57";22.4;75
1623801073;"2021-06-16 08:51:13";22.5;75
1623801381;"2021-06-16 08:56:21";22.5;75
1623801688;"2021-06-16 09:01:28";22.5;75
1623801996;"2021-06-16 09:06:36";22.5;75
1623802304;"2021-06-16 09:11:44";22.5;78
1623802611;"2021-06-16 09:16:51";22.5;78
1623802919;"2021-06-16 09:21:59";22.5;78
1623803226;"2021-06-16 09:27:06";22.5;77
1623803534;"2021-06-16 09:32:14";22.6;76
1623803842;"2021-06-16 09:37:22";22.6;76
1623804149;"2021-06-16 09:42:29";22.6;77
1623804406;"2021-06-16 09:46:46";22.6;76
1623804713;"2021-06-16 09:51:53";22.6;76
1623805021;"2021-06-16 09:57:01";22.7;76
1623805329;"2021-06-16 10:02:09";22.7;76
1623805636;"2021-06-16 10:07:16";22.7;76
1623805944;"2021-06-16 10:12:24";22.7;76
1623806251;"2021-06-16 10:17:31";22.7;75
1623806559;"2021-06-16 10:22:39";22.8;76
1623806867;"2021-06-16 10:27:47";22.9;76
1623807175;"2021-06-16 10:32:55";23;77
1623807432;"2021-06-16 10:37:12";23;77
1623807739;"2021-06-16 10:42:19";23;77
1623808047;"2021-06-16 10:47:27";23;77
1623808354;"2021-06-16 10:52:34";23;76
1623808662;"2021-06-16 10:57:42";23;76
1623808970;"2021-06-16 11:02:50";23;76
1623809277;"2021-06-16 11:07:57";23.1;75
1623809585;"2021-06-16 11:13:05";23.1;75
1623809893;"2021-06-16 11:18:13";23.1;75
1623810200;"2021-06-16 11:23:20";23.1;75
1623810456;"2021-06-16 11:27:36";23.1;75
1623810764;"2021-06-16 11:32:44";23.1;75
1623811072;"2021-06-16 11:37:52";23.1;75
1623811379;"2021-06-16 11:42:59";23.1;75
1623811687;"2021-06-16 11:48:07";23.1;75
1623811995;"2021-06-16 11:53:15";23.1;75
1623812302;"2021-06-16 11:58:22";23.1;76
1623812610;"2021-06-16 12:03:30";23.2;76
1623812917;"2021-06-16 12:08:37";23.4;77
1623813174;"2021-06-16 12:12:54";23.6;77
1623813481;"2021-06-16 12:18:01";23.8;76
1623813789;"2021-06-16 12:23:09";23.9;75
1623814097;"2021-06-16 12:28:17";24;75
1623814404;"2021-06-16 12:33:24";24.1;75
1623814712;"2021-06-16 12:38:32";24.3;75
1623815019;"2021-06-16 12:43:39";24.5;75
1623815327;"2021-06-16 12:48:47";24.7;75
1623815635;"2021-06-16 12:53:55";24.9;74
1623815942;"2021-06-16 12:59:02";25.1;73
1623816199;"2021-06-16 13:03:19";25.2;72
1623816506;"2021-06-16 13:08:26";25.3;71
1623816814;"2021-06-16 13:13:34";25.4;71
1623817122;"2021-06-16 13:18:42";25.4;70
1623817429;"2021-06-16 13:23:49";25.4;70
1623817737;"2021-06-16 13:28:57";25.4;70
1623818044;"2021-06-16 13:34:04";25.4;70
1623818352;"2021-06-16 13:39:12";25.4;70
1623818660;"2021-06-16 13:44:20";25.4;70
1623818967;"2021-06-16 13:49:27";25.4;70
1623819275;"2021-06-16 13:54:35";25.5;70
1623819531;"2021-06-16 13:58:51";25.5;70
1623819839;"2021-06-16 14:03:59";25.6;70
1623820146;"2021-06-16 14:09:06";25.6;70
1623820454;"2021-06-16 14:14:14";25.6;70
1623820762;"2021-06-16 14:19:22";25.7;69
1623821069;"2021-06-16 14:24:29";25.8;69
1623821377;"2021-06-16 14:29:37";25.8;69
1623821685;"2021-06-16 14:34:45";25.8;68
1623821992;"2021-06-16 14:39:52";25.8;68
1623822248;"2021-06-16 14:44:08";25.8;68
1623822556;"2021-06-16 14:49:16";25.9;68
1623822864;"2021-06-16 14:54:24";26;68
1623823171;"2021-06-16 14:59:31";26.1;68
1623823479;"2021-06-16 15:04:39";26.2;68
1623823787;"2021-06-16 15:09:47";26.4;68
1623824094;"2021-06-16 15:14:54";26.6;69
1623824402;"2021-06-16 15:20:02";26.8;68
1623824709;"2021-06-16 15:25:09";27;68
1623825017;"2021-06-16 15:30:17";27.2;67
1623825273;"2021-06-16 15:34:33";27.3;67
1623825581;"2021-06-16 15:39:41";27.3;66
1623825889;"2021-06-16 15:44:49";27.4;66
1623826196;"2021-06-16 15:49:56";27.4;66
1623826504;"2021-06-16 15:55:04";27.4;65
1623826811;"2021-06-16 16:00:11";27.4;65
1623827119;"2021-06-16 16:05:19";27.4;65
1623827427;"2021-06-16 16:10:27";27.5;65
1623827734;"2021-06-16 16:15:34";27.6;64
1623828042;"2021-06-16 16:20:42";27.6;64
1623828350;"2021-06-16 16:25:50";27.6;64
1623828657;"2021-06-16 16:30:57";27.6;64
1623829580;"2021-06-16 16:46:20";27.3;63
1623829888;"2021-06-16 16:51:28";27.3;63
1623830144;"2021-06-16 16:55:44";27.2;63
1623830452;"2021-06-16 17:00:52";27.1;62
1623830759;"2021-06-16 17:05:59";27;63
1623831067;"2021-06-16 17:11:07";27;63
1623831374;"2021-06-16 17:16:14";26.9;63
1623831682;"2021-06-16 17:21:22";26.8;63
1623831990;"2021-06-16 17:26:30";26.7;64
1623832297;"2021-06-16 17:31:37";26.7;64
1623832605;"2021-06-16 17:36:45";26.7;64
1623832913;"2021-06-16 17:41:53";26.7;64
1623833169;"2021-06-16 17:46:09";26.7;64
1623833476;"2021-06-16 17:51:16";26.7;64
1623833784;"2021-06-16 17:56:24";26.7;64
1623834092;"2021-06-16 18:01:32";26.8;64
1623834399;"2021-06-16 18:06:39";26.9;65
1623834707;"2021-06-16 18:11:47";26.9;64
1623835015;"2021-06-16 18:16:55";26.9;63
1623835322;"2021-06-16 18:22:02";26.8;63
1623835630;"2021-06-16 18:27:10";26.7;63
1623835937;"2021-06-16 18:32:17";26.6;63
1623836245;"2021-06-16 18:37:25";26.5;63
1623836501;"2021-06-16 18:41:41";26.4;64
1623836809;"2021-06-16 18:46:49";26.4;64
1623837117;"2021-06-16 18:51:57";26.3;64
1623837424;"2021-06-16 18:57:04";26.2;64
1623837732;"2021-06-16 19:02:12";26.1;64
1623838039;"2021-06-16 19:07:19";26;64
1623838347;"2021-06-16 19:12:27";25.9;64
1623838655;"2021-06-16 19:17:35";25.8;64
1623838962;"2021-06-16 19:22:42";25.7;64
1623839270;"2021-06-16 19:27:50";25.6;64
1623839526;"2021-06-16 19:32:06";25.6;64
1623839834;"2021-06-16 19:37:14";25.5;64
1623840142;"2021-06-16 19:42:22";25.4;64
1623840449;"2021-06-16 19:47:29";25.3;65
1623840757;"2021-06-16 19:52:37";25.3;65
1623841064;"2021-06-16 19:57:44";25.2;65
1623841372;"2021-06-16 20:02:52";25.1;65
1623841680;"2021-06-16 20:08:00";25;65
1623841987;"2021-06-16 20:13:07";24.9;65
1623842295;"2021-06-16 20:18:15";24.9;65
1623842551;"2021-06-16 20:22:31";24.8;65
1623842859;"2021-06-16 20:27:39";24.7;65
1623843166;"2021-06-16 20:32:46";24.7;66
1623843474;"2021-06-16 20:37:54";24.6;66
1623843782;"2021-06-16 20:43:02";24.5;66
1623844089;"2021-06-16 20:48:09";24.5;66
1623844397;"2021-06-16 20:53:17";24.4;66
1623844705;"2021-06-16 20:58:25";24.4;66
1623845012;"2021-06-16 21:03:32";24.3;66
1623845320;"2021-06-16 21:08:40";24.3;66
1623845576;"2021-06-16 21:12:56";24.2;66
1623845884;"2021-06-16 21:18:04";24.2;66
1623846191;"2021-06-16 21:23:11";24.1;66
1623846499;"2021-06-16 21:28:19";24.1;66
1623846807;"2021-06-16 21:33:27";24;66
1623847114;"2021-06-16 21:38:34";24;66
1623847422;"2021-06-16 21:43:42";23.9;66
1623847729;"2021-06-16 21:48:49";23.9;66
1623848037;"2021-06-16 21:53:57";23.9;66
1623848345;"2021-06-16 21:59:05";23.8;67
1623848601;"2021-06-16 22:03:21";23.8;67
1623848909;"2021-06-16 22:08:29";23.8;67
1623849216;"2021-06-16 22:13:36";23.8;67
1623849524;"2021-06-16 22:18:44";23.7;67
1623849831;"2021-06-16 22:23:51";23.7;67
1623850139;"2021-06-16 22:28:59";23.7;67
1623850447;"2021-06-16 22:34:07";23.7;67
1623850754;"2021-06-16 22:39:14";23.7;67
1623851062;"2021-06-16 22:44:22";23.7;67
1623851370;"2021-06-16 22:49:30";23.7;67
1623851626;"2021-06-16 22:53:46";23.7;67
1623851934;"2021-06-16 22:58:54";23.7;67
1623852241;"2021-06-16 23:04:01";23.7;67
1623852549;"2021-06-16 23:09:09";23.7;67
1623852856;"2021-06-16 23:14:16";23.7;67
1623853164;"2021-06-16 23:19:24";23.7;67
1623853472;"2021-06-16 23:24:32";23.7;67
1623853779;"2021-06-16 23:29:39";23.6;67
1623854087;"2021-06-16 23:34:47";23.6;67
1623854394;"2021-06-16 23:39:54";23.6;67
1623854651;"2021-06-16 23:44:11";23.6;67
1623854958;"2021-06-16 23:49:18";23.6;67
1623855266;"2021-06-16 23:54:26";23.6;67
1623855574;"2021-06-16 23:59:34";23.6;67
1623855881;"2021-06-17 00:04:41";23.5;67
1623856189;"2021-06-17 00:09:49";23.5;67
1623856497;"2021-06-17 00:14:57";23.5;67
1623856804;"2021-06-17 00:20:04";23.5;67
1623857112;"2021-06-17 00:25:12";23.5;67
1623857419;"2021-06-17 00:30:19";23.5;67
1623857676;"2021-06-17 00:34:36";23.5;67
1623857983;"2021-06-17 00:39:43";23.5;67
1623858291;"2021-06-17 00:44:51";23.4;67
1623858599;"2021-06-17 00:49:59";23.4;67
1623858906;"2021-06-17 00:55:06";23.4;67
1623859214;"2021-06-17 01:00:14";23.4;67
1623859521;"2021-06-17 01:05:21";23.3;67
1623859829;"2021-06-17 01:10:29";23.3;67
1623860137;"2021-06-17 01:15:37";23.3;67
1623860444;"2021-06-17 01:20:44";23.2;67
1623860701;"2021-06-17 01:25:01";23.2;67
1623861008;"2021-06-17 01:30:08";23.2;67
1623861316;"2021-06-17 01:35:16";23.1;68
1623861623;"2021-06-17 01:40:23";23.1;68
1623861931;"2021-06-17 01:45:31";23;68
1623862239;"2021-06-17 01:50:39";23;68
1623862546;"2021-06-17 01:55:46";23;68
1623862854;"2021-06-17 02:00:54";22.9;68
1623863162;"2021-06-17 02:06:02";22.9;68
1623863469;"2021-06-17 02:11:09";22.9;68
1623863726;"2021-06-17 02:15:26";22.9;68
1623864033;"2021-06-17 02:20:33";22.8;68
1623864341;"2021-06-17 02:25:41";22.8;68
1623864648;"2021-06-17 02:30:48";22.7;68
1623864956;"2021-06-17 02:35:56";22.7;68
1623865264;"2021-06-17 02:41:04";22.6;68
1623865571;"2021-06-17 02:46:11";22.6;68
1623865879;"2021-06-17 02:51:19";22.6;68
1623866186;"2021-06-17 02:56:26";22.5;69
1623866494;"2021-06-17 03:01:34";22.5;69
1623866750;"2021-06-17 03:05:50";22.5;69
1623867058;"2021-06-17 03:10:58";22.5;69
1623867366;"2021-06-17 03:16:06";22.5;69
1623867673;"2021-06-17 03:21:13";22.4;69
1623867981;"2021-06-17 03:26:21";22.4;69
1623868289;"2021-06-17 03:31:29";22.4;69
1623868596;"2021-06-17 03:36:36";22.4;69
1623868904;"2021-06-17 03:41:44";22.3;69
1623869211;"2021-06-17 03:46:51";22.3;69
1623869519;"2021-06-17 03:51:59";22.3;69
1623869775;"2021-06-17 03:56:15";22.2;69
1623870083;"2021-06-17 04:01:23";22.2;69
1623870391;"2021-06-17 04:06:31";22.2;69
1623870698;"2021-06-17 04:11:38";22.2;69
1623871006;"2021-06-17 04:16:46";22.1;69
1623871313;"2021-06-17 04:21:53";22.1;69
1623871621;"2021-06-17 04:27:01";22;70
1623871929;"2021-06-17 04:32:09";22;70
1623872236;"2021-06-17 04:37:16";22;70
1623872544;"2021-06-17 04:42:24";22;70
1623872800;"2021-06-17 04:46:40";22;70
1623873108;"2021-06-17 04:51:48";22;70
1623873415;"2021-06-17 04:56:55";22;70
1623873723;"2021-06-17 05:02:03";22;70
1623874031;"2021-06-17 05:07:11";22;70
1623874338;"2021-06-17 05:12:18";22;70
1623874646;"2021-06-17 05:17:26";22;70
1623874954;"2021-06-17 05:22:34";22;70
1623875261;"2021-06-17 05:27:41";22;71
1623875569;"2021-06-17 05:32:49";22;71
1623875825;"2021-06-17 05:37:05";22;70
1623876133;"2021-06-17 05:42:13";22;70
1623876440;"2021-06-17 05:47:20";22;70
1623876748;"2021-06-17 05:52:28";22;70
1623877056;"2021-06-17 05:57:36";22;70
1623877363;"2021-06-17 06:02:43";22;70
1623877671;"2021-06-17 06:07:51";22;70
1623877978;"2021-06-17 06:12:58";22.1;71
1623878286;"2021-06-17 06:18:06";22.1;71
1623878594;"2021-06-17 06:23:14";22.2;71
1623878850;"2021-06-17 06:27:30";22.2;71
1623879158;"2021-06-17 06:32:38";22.3;71
1623879465;"2021-06-17 06:37:45";22.3;71
1623879773;"2021-06-17 06:42:53";22.4;71
1623880081;"2021-06-17 06:48:01";22.5;71
1623880388;"2021-06-17 06:53:08";22.6;71
1623880696;"2021-06-17 06:58:16";22.7;71
1623881003;"2021-06-17 07:03:23";22.8;71
1623881311;"2021-06-17 07:08:31";22.9;71
1623881619;"2021-06-17 07:13:39";23;71
1623881875;"2021-06-17 07:17:55";23.1;71
1623882183;"2021-06-17 07:23:03";23.2;70
1623882490;"2021-06-17 07:28:10";23.3;70
1623882798;"2021-06-17 07:33:18";23.4;70
1623883105;"2021-06-17 07:38:25";23.5;70
1623883413;"2021-06-17 07:43:33";23.6;70
1623883721;"2021-06-17 07:48:41";23.7;70
1623884028;"2021-06-17 07:53:48";23.8;70
1623884336;"2021-06-17 07:58:56";23.9;70
1623884643;"2021-06-17 08:04:03";24;70
1623884900;"2021-06-17 08:08:20";24.1;70
1623885207;"2021-06-17 08:13:27";24.2;69
1623885515;"2021-06-17 08:18:35";24.3;69
1623885823;"2021-06-17 08:23:43";24.4;69
1623886130;"2021-06-17 08:28:50";24.6;69
1623886438;"2021-06-17 08:33:58";24.7;69
1623886746;"2021-06-17 08:39:06";24.8;68
1623887053;"2021-06-17 08:44:13";24.9;68
1623887361;"2021-06-17 08:49:21";25.1;68
1623887668;"2021-06-17 08:54:28";25.3;68
1623887925;"2021-06-17 08:58:45";25.4;68
1623888232;"2021-06-17 09:03:52";25.5;67
1623888540;"2021-06-17 09:09:00";25.6;67
1623888848;"2021-06-17 09:14:08";25.6;67
1623889155;"2021-06-17 09:19:15";25.7;67
1623889463;"2021-06-17 09:24:23";25.7;67
1623889770;"2021-06-17 09:29:30";25.8;66
1623890078;"2021-06-17 09:34:38";25.8;66
1623890387;"2021-06-17 09:39:47";25.8;66
1623890694;"2021-06-17 09:44:54";25.9;65
1623890951;"2021-06-17 09:49:11";25.9;64
1623891258;"2021-06-17 09:54:18";25.8;65
1623891566;"2021-06-17 09:59:26";25.9;65
1623891873;"2021-06-17 10:04:33";25.9;66
1623892181;"2021-06-17 10:09:41";26;65
1623892489;"2021-06-17 10:14:49";26;65
1623892796;"2021-06-17 10:19:56";26;65
1623893104;"2021-06-17 10:25:04";26;65
1623893412;"2021-06-17 10:30:12";26;66
1623893719;"2021-06-17 10:35:19";26.2;66
1623893976;"2021-06-17 10:39:36";26.3;66
1623894283;"2021-06-17 10:44:43";26.4;66
1623894591;"2021-06-17 10:49:51";26.6;66
1623894898;"2021-06-17 10:54:58";26.7;66
1623895206;"2021-06-17 11:00:06";26.9;66
1623895514;"2021-06-17 11:05:14";27;65
1623895821;"2021-06-17 11:10:21";27.1;65
1623896129;"2021-06-17 11:15:29";27.2;65
1623896436;"2021-06-17 11:20:36";27.3;65
1623896744;"2021-06-17 11:25:44";27.4;64
1623897000;"2021-06-17 11:30:00";27.5;64
1623897308;"2021-06-17 11:35:08";27.6;64
1623897616;"2021-06-17 11:40:16";27.7;64
1623897923;"2021-06-17 11:45:23";27.8;64
1623898231;"2021-06-17 11:50:31";27.9;63
1623898539;"2021-06-17 11:55:39";28;63
1623898846;"2021-06-17 12:00:46";28;63
1623899154;"2021-06-17 12:05:54";28.2;63
1623899461;"2021-06-17 12:11:01";28.2;62
1623899769;"2021-06-17 12:16:09";28.3;63
1623900025;"2021-06-17 12:20:25";28.3;63
1623900333;"2021-06-17 12:25:33";28.4;62
1623900641;"2021-06-17 12:30:41";28.5;62
1623900948;"2021-06-17 12:35:48";28.6;62
1623901256;"2021-06-17 12:40:56";28.7;63
1623901563;"2021-06-17 12:46:03";28.8;63
1623901871;"2021-06-17 12:51:11";29;63
1623902179;"2021-06-17 12:56:19";29.1;63
1623902486;"2021-06-17 13:01:26";29.3;62
1623902794;"2021-06-17 13:06:34";29.5;62
1623903050;"2021-06-17 13:10:50";29.7;61
1623903358;"2021-06-17 13:15:58";29.8;61
1623903665;"2021-06-17 13:21:05";30;61
1623903973;"2021-06-17 13:26:13";30.1;60
1623904281;"2021-06-17 13:31:21";30.2;59
1623904588;"2021-06-17 13:36:28";30.2;60
1623904896;"2021-06-17 13:41:36";30.2;59
1623905204;"2021-06-17 13:46:44";30.2;59
1623905511;"2021-06-17 13:51:51";30.2;60
1623905819;"2021-06-17 13:56:59";30.2;60
1623906075;"2021-06-17 14:01:15";30.3;60
1623906383;"2021-06-17 14:06:23";30.3;60
1623906690;"2021-06-17 14:11:30";30.4;59
1623906998;"2021-06-17 14:16:38";30.4;59
1623907306;"2021-06-17 14:21:46";30.4;60
1623907613;"2021-06-17 14:26:53";30.3;59
1623907818;"2021-06-17 14:30:18";30.3;59
1623908228;"2021-06-17 14:37:08";30.3;59
1623908536;"2021-06-17 14:42:16";30.3;59
1623908844;"2021-06-17 14:47:24";30.3;58
1623909100;"2021-06-17 14:51:40";30.3;58
1623909408;"2021-06-17 14:56:48";30.2;57
1623909715;"2021-06-17 15:01:55";30.2;58
1623910023;"2021-06-17 15:07:03";30.4;59
1623910331;"2021-06-17 15:12:11";30.6;59
1623910638;"2021-06-17 15:17:18";30.8;59
1623910946;"2021-06-17 15:22:26";31;59
1623911253;"2021-06-17 15:27:33";31.3;60
1623911561;"2021-06-17 15:32:41";31.8;60
1623911817;"2021-06-17 15:36:57";32.1;60
1623912125;"2021-06-17 15:42:05";32.4;59
1623912433;"2021-06-17 15:47:13";32.4;58
1623912740;"2021-06-17 15:52:20";32.4;58
1623913048;"2021-06-17 15:57:28";32.3;57
1623913355;"2021-06-17 16:02:35";32.1;57
1623913663;"2021-06-17 16:07:43";31.9;57
1623913971;"2021-06-17 16:12:51";31.9;56
1623914278;"2021-06-17 16:17:58";31.7;55
1623914586;"2021-06-17 16:23:06";31.4;55
1623914842;"2021-06-17 16:27:22";31.1;56
1623915150;"2021-06-17 16:32:30";30.9;56
1623915457;"2021-06-17 16:37:37";30.6;56
1623915765;"2021-06-17 16:42:45";30.3;55
1623916073;"2021-06-17 16:47:53";30;55
1623916380;"2021-06-17 16:53:00";29.7;56
1623916688;"2021-06-17 16:58:08";29.4;56
1623916996;"2021-06-17 17:03:16";29.2;57
1623917303;"2021-06-17 17:08:23";29;57
1623917611;"2021-06-17 17:13:31";28.8;58
1623917867;"2021-06-17 17:17:47";28.8;58
1623918175;"2021-06-17 17:22:55";28.7;58
1623918482;"2021-06-17 17:28:02";28.6;58
1623918790;"2021-06-17 17:33:10";28.5;58
1623919098;"2021-06-17 17:38:18";28.4;59
1623919405;"2021-06-17 17:43:25";28.3;59
1623919713;"2021-06-17 17:48:33";28.3;59
1623920020;"2021-06-17 17:53:40";28.3;59
1623920328;"2021-06-17 17:58:48";28.3;59
1623920636;"2021-06-17 18:03:56";28.3;59
1623920892;"2021-06-17 18:08:12";28.3;59
1623921200;"2021-06-17 18:13:20";28.2;59
1623921507;"2021-06-17 18:18:27";28.2;59
1623921815;"2021-06-17 18:23:35";28.1;59
1623922123;"2021-06-17 18:28:43";28;59
1623922430;"2021-06-17 18:33:50";28;59
1623922738;"2021-06-17 18:38:58";27.9;59
1623923045;"2021-06-17 18:44:05";27.8;60
1623923353;"2021-06-17 18:49:13";27.6;60
1623923661;"2021-06-17 18:54:21";27.5;60
1623923917;"2021-06-17 18:58:37";27.4;60
1623924225;"2021-06-17 19:03:45";27.2;60
1623924532;"2021-06-17 19:08:52";27.1;61
1623924840;"2021-06-17 19:14:00";27;61
1623925147;"2021-06-17 19:19:07";26.9;61
1623925455;"2021-06-17 19:24:15";26.8;61
1623925763;"2021-06-17 19:29:23";26.8;61
1623926070;"2021-06-17 19:34:30";26.7;62
1623926378;"2021-06-17 19:39:38";26.6;62
1623926686;"2021-06-17 19:44:46";26.6;62
1623926993;"2021-06-17 19:49:53";26.5;62
1623927249;"2021-06-17 19:54:09";26.5;62
1623927557;"2021-06-17 19:59:17";26.4;62
1623927865;"2021-06-17 20:04:25";26.3;62
1623928172;"2021-06-17 20:09:32";26.3;62
1623928480;"2021-06-17 20:14:40";26.2;62
1623928788;"2021-06-17 20:19:48";26.2;62
1623929095;"2021-06-17 20:24:55";26.1;63
1623929403;"2021-06-17 20:30:03";26.1;63
1623929710;"2021-06-17 20:35:10";26.1;63
1623930018;"2021-06-17 20:40:18";26;63
1623930274;"2021-06-17 20:44:34";26;64
1623930582;"2021-06-17 20:49:42";25.9;64
1623930890;"2021-06-17 20:54:50";25.8;64
1623931197;"2021-06-17 20:59:57";25.8;64
1623931505;"2021-06-17 21:05:05";25.7;64
1623931812;"2021-06-17 21:10:12";25.6;64
1623932120;"2021-06-17 21:15:20";25.6;65
1623932428;"2021-06-17 21:20:28";25.5;65
1623932735;"2021-06-17 21:25:35";25.4;65
1623933043;"2021-06-17 21:30:43";25.4;65
1623933299;"2021-06-17 21:34:59";25.3;65
1623933607;"2021-06-17 21:40:07";25.3;65
1623933915;"2021-06-17 21:45:15";25.2;65
1623934222;"2021-06-17 21:50:22";25.2;66
1623934530;"2021-06-17 21:55:30";25.1;66
1623934837;"2021-06-17 22:00:37";25.1;66
1623935145;"2021-06-17 22:05:45";25.1;66
1623935453;"2021-06-17 22:10:53";25.1;66
1623935760;"2021-06-17 22:16:00";25.1;66
1623936068;"2021-06-17 22:21:08";25;66
1623936324;"2021-06-17 22:25:24";25;66
1623936632;"2021-06-17 22:30:32";25;66
1623936939;"2021-06-17 22:35:39";25;66
1623937247;"2021-06-17 22:40:47";24.9;66
1623937555;"2021-06-17 22:45:55";24.9;66
1623937862;"2021-06-17 22:51:02";24.9;66
1623938170;"2021-06-17 22:56:10";24.9;66
1623938477;"2021-06-17 23:01:17";24.9;66
1623938785;"2021-06-17 23:06:25";24.8;66
1623939093;"2021-06-17 23:11:33";24.8;67
1623939349;"2021-06-17 23:15:49";24.8;67
1623939657;"2021-06-17 23:20:57";24.8;67
1623939964;"2021-06-17 23:26:04";24.7;67
1623940272;"2021-06-17 23:31:12";24.7;67
1623940580;"2021-06-17 23:36:20";24.7;66
1623940887;"2021-06-17 23:41:27";24.6;67
1623941195;"2021-06-17 23:46:35";24.6;67
1623941502;"2021-06-17 23:51:42";24.6;67
1623941810;"2021-06-17 23:56:50";24.6;66
1623942118;"2021-06-18 00:01:58";24.6;67
1623942374;"2021-06-18 00:06:14";24.5;66
1623942682;"2021-06-18 00:11:22";24.5;67
1623942989;"2021-06-18 00:16:29";24.5;67
1623943297;"2021-06-18 00:21:37";24.5;67
1623943604;"2021-06-18 00:26:44";24.5;67
1623943912;"2021-06-18 00:31:52";24.5;67
1623944220;"2021-06-18 00:37:00";24.5;67
1623944527;"2021-06-18 00:42:07";24.5;67
1623944835;"2021-06-18 00:47:15";24.4;67
1623945143;"2021-06-18 00:52:23";24.4;67
1623945399;"2021-06-18 00:56:39";24.4;67
1623945707;"2021-06-18 01:01:47";24.4;67
1623946014;"2021-06-18 01:06:54";24.4;67
1623946322;"2021-06-18 01:12:02";24.4;67
1623946629;"2021-06-18 01:17:09";24.4;67
1623946937;"2021-06-18 01:22:17";24.4;68
1623947245;"2021-06-18 01:27:25";24.3;67
1623947552;"2021-06-18 01:32:32";24.3;68
1623947860;"2021-06-18 01:37:40";24.3;68
1623948167;"2021-06-18 01:42:47";24.3;68
1623948424;"2021-06-18 01:47:04";24.3;68
1623948731;"2021-06-18 01:52:11";24.3;68
1623949039;"2021-06-18 01:57:19";24.3;68
1623949347;"2021-06-18 02:02:27";24.3;68
1623949654;"2021-06-18 02:07:34";24.3;68
1623949962;"2021-06-18 02:12:42";24.3;68
1623950269;"2021-06-18 02:17:49";24.3;68
1623950577;"2021-06-18 02:22:57";24.3;68
1623950885;"2021-06-18 02:28:05";24.3;68
1623951192;"2021-06-18 02:33:12";24.3;68
1623951449;"2021-06-18 02:37:29";24.3;68
1623951756;"2021-06-18 02:42:36";24.3;68
1623952064;"2021-06-18 02:47:44";24.3;68
1623952372;"2021-06-18 02:52:52";24.3;68
1623952679;"2021-06-18 02:57:59";24.3;68
1623952987;"2021-06-18 03:03:07";24.2;68
1623953294;"2021-06-18 03:08:14";24.2;68
1623953602;"2021-06-18 03:13:22";24.2;68
1623953910;"2021-06-18 03:18:30";24.2;68
1623954217;"2021-06-18 03:23:37";24.2;68
1623954474;"2021-06-18 03:27:54";24.2;68
1623954781;"2021-06-18 03:33:01";24.2;68
1623955089;"2021-06-18 03:38:09";24.2;68
1623955396;"2021-06-18 03:43:16";24.2;69
1623955704;"2021-06-18 03:48:24";24.2;69
1623956012;"2021-06-18 03:53:32";24.1;69
1623956319;"2021-06-18 03:58:39";24.1;69
1623956627;"2021-06-18 04:03:47";24.1;69
1623956935;"2021-06-18 04:08:55";24.1;69
1623957242;"2021-06-18 04:14:02";24.1;69
1623957498;"2021-06-18 04:18:18";24;69
1623957806;"2021-06-18 04:23:26";24;69
1623958114;"2021-06-18 04:28:34";24;69
1623958421;"2021-06-18 04:33:41";24;69
1623958729;"2021-06-18 04:38:49";23.9;69
1623959037;"2021-06-18 04:43:57";23.9;70
1623959344;"2021-06-18 04:49:04";23.9;70
1623959652;"2021-06-18 04:54:12";23.9;70
1623959959;"2021-06-18 04:59:19";23.8;70
1623960267;"2021-06-18 05:04:27";23.8;71
1623960523;"2021-06-18 05:08:43";23.8;71
1623960831;"2021-06-18 05:13:51";23.8;71
1623961139;"2021-06-18 05:18:59";23.8;71
1623961446;"2021-06-18 05:24:06";23.8;72
1623961754;"2021-06-18 05:29:14";23.8;72
1623962061;"2021-06-18 05:34:21";23.8;72
1623962369;"2021-06-18 05:39:29";23.7;72
1623962677;"2021-06-18 05:44:37";23.7;73
1623962984;"2021-06-18 05:49:44";23.7;73
1623963292;"2021-06-18 05:54:52";23.7;73
1623963548;"2021-06-18 05:59:08";23.7;73
1623963856;"2021-06-18 06:04:16";23.7;73
1623964164;"2021-06-18 06:09:24";23.6;73
1623964471;"2021-06-18 06:14:31";23.6;73
1623964779;"2021-06-18 06:19:39";23.6;73
1623965086;"2021-06-18 06:24:46";23.6;73
1623965394;"2021-06-18 06:29:54";23.6;73
1623965702;"2021-06-18 06:35:02";23.6;73
1623966009;"2021-06-18 06:40:09";23.6;72
1623966317;"2021-06-18 06:45:17";23.6;73
1623966573;"2021-06-18 06:49:33";23.6;73
1623966881;"2021-06-18 06:54:41";23.6;73
1623967188;"2021-06-18 06:59:48";23.6;72
1623967496;"2021-06-18 07:04:56";23.7;72
1623967804;"2021-06-18 07:10:04";23.7;73
1623968111;"2021-06-18 07:15:11";23.7;73
1623968419;"2021-06-18 07:20:19";23.7;74
1623968727;"2021-06-18 07:25:27";23.7;74
1623969034;"2021-06-18 07:30:34";23.7;74
1623969342;"2021-06-18 07:35:42";23.7;74
1623969598;"2021-06-18 07:39:58";23.7;74
1623969906;"2021-06-18 07:45:06";23.7;74
1623970213;"2021-06-18 07:50:13";23.6;75
1623970521;"2021-06-18 07:55:21";23.6;75
1623970829;"2021-06-18 08:00:29";23.6;75
1623971136;"2021-06-18 08:05:36";23.6;75
1623971444;"2021-06-18 08:10:44";23.5;75
1623971751;"2021-06-18 08:15:51";23.5;75
1623972059;"2021-06-18 08:20:59";23.4;75
1623972367;"2021-06-18 08:26:07";23.3;75
1623972623;"2021-06-18 08:30:23";23.3;75
1623972931;"2021-06-18 08:35:31";23.2;75
1623973238;"2021-06-18 08:40:38";23.2;75
1623973546;"2021-06-18 08:45:46";23.1;76
1623973853;"2021-06-18 08:50:53";23.1;75
1623974161;"2021-06-18 08:56:01";23;76
1623974469;"2021-06-18 09:01:09";23;76
1623974776;"2021-06-18 09:06:16";22.9;76
1623975084;"2021-06-18 09:11:24";22.9;76
1623975392;"2021-06-18 09:16:32";22.9;77
1623975699;"2021-06-18 09:21:39";22.9;77
1623976007;"2021-06-18 09:26:47";22.8;78
1623976263;"2021-06-18 09:31:03";22.8;78
1623976571;"2021-06-18 09:36:11";22.7;77
1623976878;"2021-06-18 09:41:18";22.7;77
1623977186;"2021-06-18 09:46:26";22.7;77
1623977494;"2021-06-18 09:51:34";22.7;77
1623977801;"2021-06-18 09:56:41";22.7;77
1623978109;"2021-06-18 10:01:49";22.7;78
1623978416;"2021-06-18 10:06:56";22.7;78
1623978724;"2021-06-18 10:12:04";22.7;78
1623979032;"2021-06-18 10:17:12";22.7;78
1623979288;"2021-06-18 10:21:28";22.7;78
1623979596;"2021-06-18 10:26:36";22.7;78
1623979903;"2021-06-18 10:31:43";22.7;78
1623980211;"2021-06-18 10:36:51";22.7;78
1623980519;"2021-06-18 10:41:59";22.8;79
1623980826;"2021-06-18 10:47:06";22.8;78
1623981134;"2021-06-18 10:52:14";22.9;79
1623981441;"2021-06-18 10:57:21";22.9;79
1623981749;"2021-06-18 11:02:29";22.9;79
1623982057;"2021-06-18 11:07:37";22.9;78
1623982313;"2021-06-18 11:11:53";22.9;78
1623982569;"2021-06-18 11:16:09";22.9;79
1623982928;"2021-06-18 11:22:08";22.9;79
1623983236;"2021-06-18 11:27:16";22.9;80
1623983543;"2021-06-18 11:32:23";22.9;80
1623983851;"2021-06-18 11:37:31";22.9;79
1623984159;"2021-06-18 11:42:39";22.9;80
1623984466;"2021-06-18 11:47:46";22.9;79
1623984774;"2021-06-18 11:52:54";22.9;79
1623985082;"2021-06-18 11:58:02";22.9;79
1623985338;"2021-06-18 12:02:18";22.9;79
1623985645;"2021-06-18 12:07:25";22.9;79
1623985953;"2021-06-18 12:12:33";22.9;79
1623986261;"2021-06-18 12:17:41";22.9;80
1623986568;"2021-06-18 12:22:48";22.9;80
1623986876;"2021-06-18 12:27:56";22.9;79
1623987184;"2021-06-18 12:33:04";22.9;79
1623987491;"2021-06-18 12:38:11";22.9;80
1623987799;"2021-06-18 12:43:19";22.9;80
1623988106;"2021-06-18 12:48:26";22.9;80
1623988363;"2021-06-18 12:52:43";23;80
1623988670;"2021-06-18 12:57:50";23;80
1623988978;"2021-06-18 13:02:58";23;80
1623989286;"2021-06-18 13:08:06";23;80
1623989593;"2021-06-18 13:13:13";23;80
1623989901;"2021-06-18 13:18:21";23;79
1623990208;"2021-06-18 13:23:28";23.1;79
1623990516;"2021-06-18 13:28:36";23.1;79
1623990824;"2021-06-18 13:33:44";23.1;79
1623991131;"2021-06-18 13:38:51";23.1;80
1623991388;"2021-06-18 13:43:08";23.1;79
1623991695;"2021-06-18 13:48:15";23.1;80
1623992003;"2021-06-18 13:53:23";23.1;81
1623992311;"2021-06-18 13:58:31";23.1;80
1623992618;"2021-06-18 14:03:38";23.1;81
1623992926;"2021-06-18 14:08:46";23.1;81
1623993233;"2021-06-18 14:13:53";23.1;80
1623993541;"2021-06-18 14:19:01";23.1;79
1623993849;"2021-06-18 14:24:09";23.1;79
1623994156;"2021-06-18 14:29:16";23.1;80
1623994464;"2021-06-18 14:34:24";23.1;80
1623994720;"2021-06-18 14:38:40";23.1;80
1623995028;"2021-06-18 14:43:48";23.1;80
1623995335;"2021-06-18 14:48:55";23.1;80
1623995643;"2021-06-18 14:54:03";23;80
1623995951;"2021-06-18 14:59:11";23;80
1623996258;"2021-06-18 15:04:18";23;80
1623996566;"2021-06-18 15:09:26";23;80
1623996873;"2021-06-18 15:14:33";23;80
1623997181;"2021-06-18 15:19:41";23;80
1623997489;"2021-06-18 15:24:49";23.1;80
1623997745;"2021-06-18 15:29:05";23.1;80
1623998053;"2021-06-18 15:34:13";23.1;81
1623998360;"2021-06-18 15:39:20";23.2;81
1623998668;"2021-06-18 15:44:28";23.3;81
1623998976;"2021-06-18 15:49:36";23.3;80
1623999283;"2021-06-18 15:54:43";23.3;80
1623999591;"2021-06-18 15:59:51";23.4;80
1623999898;"2021-06-18 16:04:58";23.4;80
1624000206;"2021-06-18 16:10:06";23.4;80
1624000514;"2021-06-18 16:15:14";23.5;80
1624000770;"2021-06-18 16:19:30";23.5;79
1624001078;"2021-06-18 16:24:38";23.5;79
1624001385;"2021-06-18 16:29:45";23.5;80
1624001693;"2021-06-18 16:34:53";23.5;80
1624002000;"2021-06-18 16:40:00";23.5;79
1624002308;"2021-06-18 16:45:08";23.5;79
1624002616;"2021-06-18 16:50:16";23.5;79
1624002923;"2021-06-18 16:55:23";23.5;79
1624003231;"2021-06-18 17:00:31";23.6;79
1624003539;"2021-06-18 17:05:39";23.6;79
1624003846;"2021-06-18 17:10:46";23.6;79
1624004102;"2021-06-18 17:15:02";23.6;79
1624004410;"2021-06-18 17:20:10";23.6;79
1624004718;"2021-06-18 17:25:18";23.6;79
1624005025;"2021-06-18 17:30:25";23.6;79
1624005333;"2021-06-18 17:35:33";23.6;79
1624005641;"2021-06-18 17:40:41";23.6;79
1624005948;"2021-06-18 17:45:48";23.6;79
1624006256;"2021-06-18 17:50:56";23.5;79
1624006563;"2021-06-18 17:56:03";23.5;80
1624006871;"2021-06-18 18:01:11";23.5;79
1624007127;"2021-06-18 18:05:27";23.5;80
1624007435;"2021-06-18 18:10:35";23.5;79
1624007743;"2021-06-18 18:15:43";23.4;80
1624008050;"2021-06-18 18:20:50";23.4;80
1624008358;"2021-06-18 18:25:58";23.4;80
1624008665;"2021-06-18 18:31:05";23.3;80
1624008973;"2021-06-18 18:36:13";23.3;80
1624009281;"2021-06-18 18:41:21";23.3;80
1624009588;"2021-06-18 18:46:28";23.3;80
1624009896;"2021-06-18 18:51:36";23.2;80
1624010152;"2021-06-18 18:55:52";23.2;80
1624010460;"2021-06-18 19:01:00";23.2;80
1624010768;"2021-06-18 19:06:08";23.2;80
1624011075;"2021-06-18 19:11:15";23.2;80
1624011383;"2021-06-18 19:16:23";23.2;80
1624011690;"2021-06-18 19:21:30";23.2;80
1624011998;"2021-06-18 19:26:38";23.2;80
1624012306;"2021-06-18 19:31:46";23.1;81
1624012613;"2021-06-18 19:36:53";23.1;81
1624012921;"2021-06-18 19:42:01";23.1;81
1624013177;"2021-06-18 19:46:17";23.1;81
1624013485;"2021-06-18 19:51:25";23.1;81
1624013792;"2021-06-18 19:56:32";23.1;81
1624014100;"2021-06-18 20:01:40";23;81
1624014408;"2021-06-18 20:06:48";23;81
1624014715;"2021-06-18 20:11:55";23;81
1624015023;"2021-06-18 20:17:03";23;81
1624015331;"2021-06-18 20:22:11";23;82
1624015638;"2021-06-18 20:27:18";22.9;82
1624015894;"2021-06-18 20:31:34";22.9;82
1624016202;"2021-06-18 20:36:42";22.9;82
1624016510;"2021-06-18 20:41:50";22.9;83
1624016817;"2021-06-18 20:46:57";22.9;83
1624017125;"2021-06-18 20:52:05";22.8;83
1624017433;"2021-06-18 20:57:13";22.8;83
1624017740;"2021-06-18 21:02:20";22.7;83
1624018048;"2021-06-18 21:07:28";22.7;83
1624018355;"2021-06-18 21:12:35";22.7;83
1624018663;"2021-06-18 21:17:43";22.6;83
1624018919;"2021-06-18 21:21:59";22.6;83
1624019227;"2021-06-18 21:27:07";22.6;83
1624019536;"2021-06-18 21:32:16";22.5;83
1624019843;"2021-06-18 21:37:23";22.5;83
1624020151;"2021-06-18 21:42:31";22.5;84
1624020458;"2021-06-18 21:47:38";22.4;84
1624020766;"2021-06-18 21:52:46";22.4;83
1624021074;"2021-06-18 21:57:54";22.4;83
1624021381;"2021-06-18 22:03:01";22.4;83
1624021689;"2021-06-18 22:08:09";22.4;84
1624021945;"2021-06-18 22:12:25";22.4;84
1624022253;"2021-06-18 22:17:33";22.3;84
1624022561;"2021-06-18 22:22:41";22.3;84
1624022868;"2021-06-18 22:27:48";22.3;84
1624023176;"2021-06-18 22:32:56";22.3;84
1624023483;"2021-06-18 22:38:03";22.3;84
1624023791;"2021-06-18 22:43:11";22.2;84
1624024099;"2021-06-18 22:48:19";22.2;84
1624024406;"2021-06-18 22:53:26";22.2;84
1624024714;"2021-06-18 22:58:34";22.2;84
1624024970;"2021-06-18 23:02:50";22.2;84
1624025278;"2021-06-18 23:07:58";22.2;84
1624025585;"2021-06-18 23:13:05";22.2;83
1624025893;"2021-06-18 23:18:13";22.2;84
1624026201;"2021-06-18 23:23:21";22.2;84
1624026508;"2021-06-18 23:28:28";22.2;84
1624026816;"2021-06-18 23:33:36";22.2;84
1624027124;"2021-06-18 23:38:44";22.2;84
1624027431;"2021-06-18 23:43:51";22.2;84
1624027739;"2021-06-18 23:48:59";22.2;84
1624027995;"2021-06-18 23:53:15";22.1;84
1624028303;"2021-06-18 23:58:23";22.1;84
1624028610;"2021-06-19 00:03:30";22.1;84
1624028918;"2021-06-19 00:08:38";22.1;84
1624029226;"2021-06-19 00:13:46";22.1;84
1624029533;"2021-06-19 00:18:53";22.1;84
1624029841;"2021-06-19 00:24:01";22.1;84
1624030148;"2021-06-19 00:29:08";22.1;85
1624030456;"2021-06-19 00:34:16";22.1;85
1624030764;"2021-06-19 00:39:24";22.1;85
1624031020;"2021-06-19 00:43:40";22.1;84
1624031328;"2021-06-19 00:48:48";22.1;84
1624031635;"2021-06-19 00:53:55";22.1;84
1624031943;"2021-06-19 00:59:03";22.1;84
1624032250;"2021-06-19 01:04:10";22;84
1624032558;"2021-06-19 01:09:18";22;84
1624032866;"2021-06-19 01:14:26";22;84
1624033173;"2021-06-19 01:19:33";22;85
1624033481;"2021-06-19 01:24:41";22;85
1624033789;"2021-06-19 01:29:49";22;86
1624034045;"2021-06-19 01:34:05";22;86
1624034353;"2021-06-19 01:39:13";21.9;86
1624034660;"2021-06-19 01:44:20";21.9;85
1624034968;"2021-06-19 01:49:28";21.9;86
1624035275;"2021-06-19 01:54:35";21.9;86
1624035583;"2021-06-19 01:59:43";21.9;85
1624035891;"2021-06-19 02:04:51";21.9;85
1624036198;"2021-06-19 02:09:58";21.9;86
1624036506;"2021-06-19 02:15:06";21.9;86
1624036813;"2021-06-19 02:20:13";21.9;86
1624037070;"2021-06-19 02:24:30";21.9;86
1624037377;"2021-06-19 02:29:37";21.9;85
1624037685;"2021-06-19 02:34:45";21.9;86
1624037993;"2021-06-19 02:39:53";21.9;85
1624038300;"2021-06-19 02:45:00";21.9;86
1624038608;"2021-06-19 02:50:08";21.9;86
1624038916;"2021-06-19 02:55:16";22;86
1624039223;"2021-06-19 03:00:23";22;86
1624039531;"2021-06-19 03:05:31";22;86
1624039838;"2021-06-19 03:10:38";22;87
1624040095;"2021-06-19 03:14:55";22;87
1624040402;"2021-06-19 03:20:02";22;87
1624040710;"2021-06-19 03:25:10";21.9;86
1624041018;"2021-06-19 03:30:18";21.9;86
1624041325;"2021-06-19 03:35:25";21.9;86
1624041633;"2021-06-19 03:40:33";21.9;86
1624041940;"2021-06-19 03:45:40";21.9;86
1624042248;"2021-06-19 03:50:48";21.9;86
1624042556;"2021-06-19 03:55:56";21.9;86
1624042863;"2021-06-19 04:01:03";21.9;86
1624043120;"2021-06-19 04:05:20";21.9;86
1624043427;"2021-06-19 04:10:27";21.9;85
1624043735;"2021-06-19 04:15:35";21.9;85
1624044042;"2021-06-19 04:20:42";21.9;85
1624044350;"2021-06-19 04:25:50";21.9;85
1624044658;"2021-06-19 04:30:58";21.9;85
1624044965;"2021-06-19 04:36:05";21.9;85
1624045273;"2021-06-19 04:41:13";22;85
1624045581;"2021-06-19 04:46:21";22;85
1624045888;"2021-06-19 04:51:28";22;85
1624046145;"2021-06-19 04:55:45";22;86
1624046452;"2021-06-19 05:00:52";22;85
1624046760;"2021-06-19 05:06:00";22;86
1624047067;"2021-06-19 05:11:07";22;85
1624047375;"2021-06-19 05:16:15";22;85
1624047683;"2021-06-19 05:21:23";22;85
1624047990;"2021-06-19 05:26:30";22;85
1624048298;"2021-06-19 05:31:38";22;85
1624048605;"2021-06-19 05:36:45";22;85
1624048913;"2021-06-19 05:41:53";22;86
1624049169;"2021-06-19 05:46:09";22;85
1624049477;"2021-06-19 05:51:17";22;85
1624049785;"2021-06-19 05:56:25";22;86
1624050092;"2021-06-19 06:01:32";22;85
1624050400;"2021-06-19 06:06:40";22.1;85
1624050708;"2021-06-19 06:11:48";22.1;85
1624051015;"2021-06-19 06:16:55";22.1;85
1624051323;"2021-06-19 06:22:03";22.1;85
1624051630;"2021-06-19 06:27:10";22.1;85
1624051938;"2021-06-19 06:32:18";22.2;85
1624052194;"2021-06-19 06:36:34";22.2;85
1624052502;"2021-06-19 06:41:42";22.2;85
1624052810;"2021-06-19 06:46:50";22.2;85
1624053117;"2021-06-19 06:51:57";22.2;85
1624053425;"2021-06-19 06:57:05";22.3;85
1624053732;"2021-06-19 07:02:12";22.3;85
1624054040;"2021-06-19 07:07:20";22.3;85
1624054348;"2021-06-19 07:12:28";22.3;85
1624054655;"2021-06-19 07:17:35";22.3;85
1624054963;"2021-06-19 07:22:43";22.3;84
1624055219;"2021-06-19 07:26:59";22.4;84
1624055527;"2021-06-19 07:32:07";22.4;84
1624055834;"2021-06-19 07:37:14";22.4;85
1624056142;"2021-06-19 07:42:22";22.4;85
1624056347;"2021-06-19 07:45:47";22.4;84
1624056655;"2021-06-19 07:50:55";22.4;85
1624056962;"2021-06-19 07:56:02";22.4;85
1624057270;"2021-06-19 08:01:10";22.5;85
1624057578;"2021-06-19 08:06:18";22.5;85
1624057885;"2021-06-19 08:11:25";22.5;85
1624058193;"2021-06-19 08:16:33";22.6;85
1624058449;"2021-06-19 08:20:49";22.6;85
1624058757;"2021-06-19 08:25:57";22.7;85
1624059064;"2021-06-19 08:31:04";22.7;85
1624059372;"2021-06-19 08:36:12";22.7;85
1624059680;"2021-06-19 08:41:20";22.8;84
1624059987;"2021-06-19 08:46:27";22.8;84
1624060295;"2021-06-19 08:51:35";22.8;85
1624060603;"2021-06-19 08:56:43";22.9;85
1624060910;"2021-06-19 09:01:50";22.9;85
1624061218;"2021-06-19 09:06:58";23;85
1624061474;"2021-06-19 09:11:14";23.1;85
1624061782;"2021-06-19 09:16:22";23.2;85
1624062089;"2021-06-19 09:21:29";23.3;85
1624062397;"2021-06-19 09:26:37";23.3;85
1624062705;"2021-06-19 09:31:45";23.4;85
1624063012;"2021-06-19 09:36:52";23.5;85
1624063321;"2021-06-19 09:42:01";23.6;85
1624063628;"2021-06-19 09:47:08";23.7;84
1624063936;"2021-06-19 09:52:16";23.9;84
1624064244;"2021-06-19 09:57:24";24;84
1624064500;"2021-06-19 10:01:40";24.1;84
1624064808;"2021-06-19 10:06:48";24.2;84
1624065115;"2021-06-19 10:11:55";24.3;84
1624065423;"2021-06-19 10:17:03";24.5;83
1624065730;"2021-06-19 10:22:10";24.7;83
1624066038;"2021-06-19 10:27:18";24.8;83
1624066346;"2021-06-19 10:32:26";25;82
1624066653;"2021-06-19 10:37:33";25.2;82
1624066961;"2021-06-19 10:42:41";25.3;81
1624067269;"2021-06-19 10:47:49";25.5;81
1624067576;"2021-06-19 10:52:56";25.6;81
1624067833;"2021-06-19 10:57:13";25.8;80
1624068140;"2021-06-19 11:02:20";25.9;80
1624068448;"2021-06-19 11:07:28";26.1;80
1624068755;"2021-06-19 11:12:35";26.3;79
1624069063;"2021-06-19 11:17:43";26.4;78
1624069371;"2021-06-19 11:22:51";26.6;78
1624069678;"2021-06-19 11:27:58";26.7;77
1624069986;"2021-06-19 11:33:06";26.8;76
1624070293;"2021-06-19 11:38:13";26.9;76
1624070601;"2021-06-19 11:43:21";27;76
1624070857;"2021-06-19 11:47:37";27.1;75
1624071165;"2021-06-19 11:52:45";27.2;74
1624071473;"2021-06-19 11:57:53";27.3;74
1624071780;"2021-06-19 12:03:00";27.4;73
1624072088;"2021-06-19 12:08:08";27.4;73
1624072396;"2021-06-19 12:13:16";27.5;73
1624072703;"2021-06-19 12:18:23";27.6;73
1624073011;"2021-06-19 12:23:31";27.6;73
1624073062;"2021-06-19 12:24:22";27.6;73
1624073370;"2021-06-19 12:29:30";27.8;73
1624073626;"2021-06-19 12:33:46";27.9;72
1624073934;"2021-06-19 12:38:54";27.9;72
1624074241;"2021-06-19 12:44:01";28;72
1624074549;"2021-06-19 12:49:09";28.1;72
1624074856;"2021-06-19 12:54:16";28.2;70
1624075164;"2021-06-19 12:59:24";28.2;70
1624075472;"2021-06-19 13:04:32";28.3;70
1624075779;"2021-06-19 13:09:39";28.3;69
1624076087;"2021-06-19 13:14:47";28.4;69
1624076395;"2021-06-19 13:19:55";28.6;70
1624076651;"2021-06-19 13:24:11";28.7;69
1624076959;"2021-06-19 13:29:19";28.9;70
1624077266;"2021-06-19 13:34:26";29.1;69
1624077574;"2021-06-19 13:39:34";29.2;67
1624077881;"2021-06-19 13:44:41";29.3;66
1624078189;"2021-06-19 13:49:49";29.3;65
1624078497;"2021-06-19 13:54:57";29.3;66
1624078804;"2021-06-19 14:00:04";29.4;66
1624079112;"2021-06-19 14:05:12";29.4;65
1624079419;"2021-06-19 14:10:19";29.5;65
1624079676;"2021-06-19 14:14:36";29.5;66
1624079983;"2021-06-19 14:19:43";29.7;66
1624080291;"2021-06-19 14:24:51";29.8;64
1624080599;"2021-06-19 14:29:59";29.9;65
1624080906;"2021-06-19 14:35:06";30;64
1624081214;"2021-06-19 14:40:14";30.1;64
1624081521;"2021-06-19 14:45:21";30.2;64
1624081829;"2021-06-19 14:50:29";30.3;64
1624082137;"2021-06-19 14:55:37";30.3;64
1624082444;"2021-06-19 15:00:44";30.4;65
1624082701;"2021-06-19 15:05:01";30.5;65
1624083008;"2021-06-19 15:10:08";30.7;64
1624083316;"2021-06-19 15:15:16";30.8;63
1624083624;"2021-06-19 15:20:24";30.9;63
1624083931;"2021-06-19 15:25:31";31.1;62
1624084239;"2021-06-19 15:30:39";31.4;62
1624084546;"2021-06-19 15:35:46";31.7;61
1624084854;"2021-06-19 15:40:54";31.9;60
1624085162;"2021-06-19 15:46:02";32;60
1624085469;"2021-06-19 15:51:09";32.1;60
1624085726;"2021-06-19 15:55:26";32.3;59
1624086033;"2021-06-19 16:00:33";32.3;58
1624086341;"2021-06-19 16:05:41";32.3;58
1624086648;"2021-06-19 16:10:48";32.2;58
1624086956;"2021-06-19 16:15:56";32.1;59
1624087264;"2021-06-19 16:21:04";32.1;59
1624087571;"2021-06-19 16:26:11";32.3;60
1624087879;"2021-06-19 16:31:19";32.8;60
1624088187;"2021-06-19 16:36:27";33.6;60
1624088494;"2021-06-19 16:41:34";34.3;57
1624088802;"2021-06-19 16:46:42";34.3;53
1624089058;"2021-06-19 16:50:58";34;53
1624089366;"2021-06-19 16:56:06";33.6;53
1624089673;"2021-06-19 17:01:13";33.1;54
1624089981;"2021-06-19 17:06:21";32.5;55
1624090289;"2021-06-19 17:11:29";32.1;56
1624090596;"2021-06-19 17:16:36";31.7;57
1624090904;"2021-06-19 17:21:44";31.4;58
1624091211;"2021-06-19 17:26:51";31.3;58
1624091519;"2021-06-19 17:31:59";31.6;60
1624091827;"2021-06-19 17:37:07";32.4;60
1624092083;"2021-06-19 17:41:23";33.1;59
1624092391;"2021-06-19 17:46:31";34;58
1624092698;"2021-06-19 17:51:38";34.8;56
1624093006;"2021-06-19 17:56:46";35.4;55
1624093313;"2021-06-19 18:01:53";36.1;55
1624093621;"2021-06-19 18:07:01";36.5;54
1624093929;"2021-06-19 18:12:09";36.8;53
1624094236;"2021-06-19 18:17:16";37;52
1624094544;"2021-06-19 18:22:24";36.8;50
1624094800;"2021-06-19 18:26:40";36.4;49
1624095108;"2021-06-19 18:31:48";35.7;49
1624095416;"2021-06-19 18:36:56";34.9;49
1624095723;"2021-06-19 18:42:03";34.1;51
1624096031;"2021-06-19 18:47:11";33.4;52
1624096338;"2021-06-19 18:52:18";32.7;53
1624096646;"2021-06-19 18:57:26";32.1;54
1624096954;"2021-06-19 19:02:34";31.5;55
1624097261;"2021-06-19 19:07:41";30.9;56
1624097569;"2021-06-19 19:12:49";30.3;57
1624097825;"2021-06-19 19:17:05";29.9;58
1624098133;"2021-06-19 19:22:13";29.4;59
1624098440;"2021-06-19 19:27:20";29;60
1624098748;"2021-06-19 19:32:28";28.7;61
1624099056;"2021-06-19 19:37:36";28.3;61
1624099363;"2021-06-19 19:42:43";28;62
1624099671;"2021-06-19 19:47:51";27.7;62
1624099979;"2021-06-19 19:52:59";27.5;63
1624100286;"2021-06-19 19:58:06";27.3;63
1624100594;"2021-06-19 20:03:14";27.1;62
1624100850;"2021-06-19 20:07:30";27;62
1624101158;"2021-06-19 20:12:38";26.9;61
1624101465;"2021-06-19 20:17:45";26.8;60
1624101773;"2021-06-19 20:22:53";26.6;59
1624102081;"2021-06-19 20:28:01";26.6;58
1624102388;"2021-06-19 20:33:08";26.5;57
1624102696;"2021-06-19 20:38:16";26.4;58
1624103003;"2021-06-19 20:43:23";26.3;58
1624103311;"2021-06-19 20:48:31";26.2;58
1624103619;"2021-06-19 20:53:39";26.1;58
1624103875;"2021-06-19 20:57:55";26;58
1624104183;"2021-06-19 21:03:03";26;59
1624104490;"2021-06-19 21:08:10";25.9;59
1624104798;"2021-06-19 21:13:18";25.8;59
1624105105;"2021-06-19 21:18:25";25.7;59
1624105413;"2021-06-19 21:23:33";25.7;60
1624105721;"2021-06-19 21:28:41";25.6;60
1624106028;"2021-06-19 21:33:48";25.5;60
1624106336;"2021-06-19 21:38:56";25.5;60
1624106644;"2021-06-19 21:44:04";25.4;60
1624106951;"2021-06-19 21:49:11";25.4;60
1624107208;"2021-06-19 21:53:28";25.3;60
1624107515;"2021-06-19 21:58:35";25.3;60
1624107823;"2021-06-19 22:03:43";25.3;60
1624108130;"2021-06-19 22:08:50";25.2;60
1624108438;"2021-06-19 22:13:58";25.2;60
1624108746;"2021-06-19 22:19:06";25.1;60
1624109053;"2021-06-19 22:24:13";25.1;61
1624109361;"2021-06-19 22:29:21";25;61
1624109668;"2021-06-19 22:34:28";25;61
1624109976;"2021-06-19 22:39:36";24.9;61
1624110232;"2021-06-19 22:43:52";24.9;61
1624110540;"2021-06-19 22:49:00";24.8;61
1624110848;"2021-06-19 22:54:08";24.8;62
1624111155;"2021-06-19 22:59:15";24.7;62
1624111463;"2021-06-19 23:04:23";24.7;62
1624111771;"2021-06-19 23:09:31";24.6;62
1624112078;"2021-06-19 23:14:38";24.6;63
1624112386;"2021-06-19 23:19:46";24.6;63
1624112693;"2021-06-19 23:24:53";24.5;63
1624113001;"2021-06-19 23:30:01";24.5;63
1624113257;"2021-06-19 23:34:17";24.4;64
1624113565;"2021-06-19 23:39:25";24.4;64
1624113873;"2021-06-19 23:44:33";24.3;64
1624114180;"2021-06-19 23:49:40";24.2;65
1624114488;"2021-06-19 23:54:48";24.2;64
1624114795;"2021-06-19 23:59:55";24.1;64
1624115103;"2021-06-20 00:05:03";24.1;64
1624115411;"2021-06-20 00:10:11";24;64
1624115718;"2021-06-20 00:15:18";24;64
1624115975;"2021-06-20 00:19:35";23.9;64
1624116282;"2021-06-20 00:24:42";23.8;64
1624116590;"2021-06-20 00:29:50";23.8;65
1624116897;"2021-06-20 00:34:57";23.7;65
1624117205;"2021-06-20 00:40:05";23.7;65
1624117513;"2021-06-20 00:45:13";23.6;65
1624117820;"2021-06-20 00:50:20";23.5;65
1624118128;"2021-06-20 00:55:28";23.5;65
1624118436;"2021-06-20 01:00:36";23.4;66
1624118743;"2021-06-20 01:05:43";23.3;66
1624119000;"2021-06-20 01:10:00";23.3;66
1624119307;"2021-06-20 01:15:07";23.2;66
1624119615;"2021-06-20 01:20:15";23.2;66
